﻿<?xml version="1.0" encoding="utf-8"?>
<abapGit version="v1.0.0" serializer="LCL_OBJECT_DTEL" serializer_version="v1.0.0">
 <asx:abap xmlns:asx="http://www.sap.com/abapxml" version="1.0">
  <asx:values>
   <DD04V>
    <ROLLNAME>ZAPPROV2</ROLLNAME>
    <DDLANGUAGE>E</DDLANGUAGE>
    <DOMNAME>CHAR12</DOMNAME>
    <HEADLEN>12</HEADLEN>
    <SCRLEN1>10</SCRLEN1>
    <SCRLEN2>10</SCRLEN2>
    <SCRLEN3>12</SCRLEN3>
    <DDTEXT>Approval 2</DDTEXT>
    <REPTEXT>Approval 2</REPTEXT>
    <SCRTEXT_S>Approval 2</SCRTEXT_S>
    <SCRTEXT_M>Approval 2</SCRTEXT_M>
    <SCRTEXT_L>Approval 2</SCRTEXT_L>
    <DTELMASTER>E</DTELMASTER>
    <REFKIND>D</REFKIND>
   </DD04V>
  </asx:values>
 </asx:abap>
</abapGit>
