﻿<?xml version="1.0" encoding="utf-8"?>
<abapGit version="v1.0.0" serializer="LCL_OBJECT_ENHO" serializer_version="v1.0.0">
 <asx:abap xmlns:asx="http://www.sap.com/abapxml" version="1.0">
  <asx:values>
   <TOOL>BADI_IMPL</TOOL>
   <SHORTTEXT>Getting the business system</SHORTTEXT>
   <SPOT_NAME>MDG_ID_MAPPING_API</SPOT_NAME>
   <IMPL>
    <ENH_BADI_IMPL_DATA>
     <SPOT_NAME>MDG_ID_MAPPING_API</SPOT_NAME>
     <BADI_NAME>MDG_IDM_GET_LCL_SYSTEM</BADI_NAME>
     <IMPL_NAME>ZARB_MDG_IDM_GET_LCL_SYSTEM</IMPL_NAME>
     <IMPL_CLASS>ZCL_ARB_MDG_IDM_LCL_SYSTEM</IMPL_CLASS>
     <ACTIVE>X</ACTIVE>
     <IMPL_SHORTTEXT>Implementation: Determination of local system name</IMPL_SHORTTEXT>
     <IMPL_SHORTTEXT_ID>00163E568DB11EE8ABFF811324DE32CE</IMPL_SHORTTEXT_ID>
    </ENH_BADI_IMPL_DATA>
   </IMPL>
   <SOTR>
    <item>
     <HEADER>
      <CONCEPT>00163E568DB11EE8ABFF79B483AC5293</CONCEPT>
      <CREA_LAN>E</CREA_LAN>
      <TRALA_TYPE>1</TRALA_TYPE>
      <OBJID_VEC>AAI=</OBJID_VEC>
     </HEADER>
     <ENTRIES>
      <SOTR_TEXT>
       <CONCEPT>00163E568DB11EE8ABFF79B483AC5293</CONCEPT>
       <LANGU>E</LANGU>
       <LFD_NUM>0001</LFD_NUM>
       <FLAG_CNTXT>X</FLAG_CNTXT>
       <STATUS>R</STATUS>
       <LENGTH>041</LENGTH>
       <TEXT>Getting the business system</TEXT>
      </SOTR_TEXT>
     </ENTRIES>
    </item>
    <item>
     <HEADER>
      <CONCEPT>00163E568DB11EE8ABFF811324DE32CE</CONCEPT>
      <CREA_LAN>E</CREA_LAN>
      <TRALA_TYPE>1</TRALA_TYPE>
      <OBJID_VEC>AAI=</OBJID_VEC>
     </HEADER>
     <ENTRIES>
      <SOTR_TEXT>
       <CONCEPT>00163E568DB11EE8ABFF811324DE32CE</CONCEPT>
       <LANGU>E</LANGU>
       <LFD_NUM>0001</LFD_NUM>
       <FLAG_CNTXT>X</FLAG_CNTXT>
       <STATUS>R</STATUS>
       <LENGTH>075</LENGTH>
       <TEXT>Implementation: Determination of local system name</TEXT>
      </SOTR_TEXT>
     </ENTRIES>
    </item>
   </SOTR>
   <SOTR_USE>
    <SOTR_USE>
     <PGMID>R3TR</PGMID>
     <OBJECT>ENHO</OBJECT>
     <OBJ_NAME>ZARB_ENH_MSG_ID_MAPPING_API</OBJ_NAME>
     <CONCEPT>00163E568DB11EE8ABFF79B483AC5293</CONCEPT>
     <LFD_NUM>0001</LFD_NUM>
    </SOTR_USE>
    <SOTR_USE>
     <PGMID>R3TR</PGMID>
     <OBJECT>ENHO</OBJECT>
     <OBJ_NAME>ZARB_ENH_MSG_ID_MAPPING_API</OBJ_NAME>
     <CONCEPT>00163E568DB11EE8ABFF811324DE32CE</CONCEPT>
     <LFD_NUM>0001</LFD_NUM>
    </SOTR_USE>
   </SOTR_USE>
  </asx:values>
 </asx:abap>
</abapGit>
