﻿<?xml version="1.0" encoding="utf-8"?>
<abapGit version="v1.0.0" serializer="LCL_OBJECT_ENHO" serializer_version="v1.0.0">
 <asx:abap xmlns:asx="http://www.sap.com/abapxml" version="1.0">
  <asx:values>
   <TOOL>BADI_IMPL</TOOL>
   <SHORTTEXT>GR Automation via ASN</SHORTTEXT>
   <SPOT_NAME>ARBCIG_ADVANCE_SHIPMENT_NOTICE</SPOT_NAME>
   <IMPL>
    <ENH_BADI_IMPL_DATA>
     <SPOT_NAME>ARBCIG_ADVANCE_SHIPMENT_NOTICE</SPOT_NAME>
     <BADI_NAME>ARBCIG_ADVANCE_SHIPMENT_NOTICE</BADI_NAME>
     <IMPL_NAME>ZBADI_GR_AUTOMATION_VIA_ASN</IMPL_NAME>
     <IMPL_CLASS>ZCL_GR_AUTOMATION_VIA_ASN</IMPL_CLASS>
     <ACTIVE>X</ACTIVE>
     <IMPL_SHORTTEXT>Implementation: Advance Shipment notice / Inbound Delivery Customer extension</IMPL_SHORTTEXT>
     <IMPL_SHORTTEXT_ID>00505687CD8B1EDDA1A22893B90BE6E0</IMPL_SHORTTEXT_ID>
    </ENH_BADI_IMPL_DATA>
   </IMPL>
   <SOTR>
    <item>
     <HEADER>
      <CONCEPT>00505687CD8B1EDDA1A21FD318D4A6D3</CONCEPT>
      <CREA_LAN>E</CREA_LAN>
      <TRALA_TYPE>1</TRALA_TYPE>
      <OBJID_VEC>AAI=</OBJID_VEC>
     </HEADER>
     <ENTRIES>
      <SOTR_TEXT>
       <CONCEPT>00505687CD8B1EDDA1A21FD318D4A6D3</CONCEPT>
       <LANGU>E</LANGU>
       <LFD_NUM>0001</LFD_NUM>
       <FLAG_CNTXT>X</FLAG_CNTXT>
       <STATUS>R</STATUS>
       <LENGTH>255</LENGTH>
       <TEXT>GR Automation via ASN</TEXT>
      </SOTR_TEXT>
     </ENTRIES>
    </item>
    <item>
     <HEADER>
      <CONCEPT>00505687CD8B1EDDA1A22893B90BE6E0</CONCEPT>
      <CREA_LAN>E</CREA_LAN>
      <TRALA_TYPE>1</TRALA_TYPE>
      <OBJID_VEC>AAI=</OBJID_VEC>
     </HEADER>
     <ENTRIES>
      <SOTR_TEXT>
       <CONCEPT>00505687CD8B1EDDA1A22893B90BE6E0</CONCEPT>
       <LANGU>E</LANGU>
       <LFD_NUM>0001</LFD_NUM>
       <FLAG_CNTXT>X</FLAG_CNTXT>
       <STATUS>R</STATUS>
       <LENGTH>255</LENGTH>
       <TEXT>Implementation: Advance Shipment notice / Inbound Delivery Customer extension</TEXT>
      </SOTR_TEXT>
     </ENTRIES>
    </item>
   </SOTR>
   <SOTR_USE>
    <SOTR_USE>
     <PGMID>R3TR</PGMID>
     <OBJECT>ENHO</OBJECT>
     <OBJ_NAME>ZARBERP_GR_AUTOMATION_VIA_ASN</OBJ_NAME>
     <CONCEPT>00505687CD8B1EDDA1A21FD318D4A6D3</CONCEPT>
     <LFD_NUM>0001</LFD_NUM>
    </SOTR_USE>
    <SOTR_USE>
     <PGMID>R3TR</PGMID>
     <OBJECT>ENHO</OBJECT>
     <OBJ_NAME>ZARBERP_GR_AUTOMATION_VIA_ASN</OBJ_NAME>
     <CONCEPT>00505687CD8B1EDDA1A22893B90BE6E0</CONCEPT>
     <LFD_NUM>0001</LFD_NUM>
    </SOTR_USE>
   </SOTR_USE>
  </asx:values>
 </asx:abap>
</abapGit>
