﻿<?xml version="1.0" encoding="utf-8"?>
<abapGit version="v1.0.0" serializer="LCL_OBJECT_ENHO" serializer_version="v1.0.0">
 <asx:abap xmlns:asx="http://www.sap.com/abapxml" version="1.0">
  <asx:values>
   <TOOL>BADI_IMPL</TOOL>
   <SHORTTEXT>Outbound Mapping changes</SHORTTEXT>
   <SPOT_NAME>ARBFND_INTEGRATION</SPOT_NAME>
   <IMPL>
    <ENH_BADI_IMPL_DATA>
     <SPOT_NAME>ARBFND_INTEGRATION</SPOT_NAME>
     <BADI_NAME>ARBFND_INTEGRATION_OUTBOUND</BADI_NAME>
     <IMPL_NAME>ZARBFND_INTEGRATION_OUTBOUND</IMPL_NAME>
     <IMPL_CLASS>ZCL_ARBFND_INTEGRATION</IMPL_CLASS>
     <ACTIVE>X</ACTIVE>
     <IMPL_SHORTTEXT>Implementation: cXML Foundation: BAdI for Processing of Outbound Messages</IMPL_SHORTTEXT>
     <IMPL_SHORTTEXT_ID>00163E568DB11EE8A0CD894119EB8621</IMPL_SHORTTEXT_ID>
    </ENH_BADI_IMPL_DATA>
   </IMPL>
   <SOTR>
    <item>
     <HEADER>
      <CONCEPT>00163E568DB11EE8A0CD863EA5780621</CONCEPT>
      <CREA_LAN>E</CREA_LAN>
      <TRALA_TYPE>1</TRALA_TYPE>
      <OBJID_VEC>AAI=</OBJID_VEC>
     </HEADER>
     <ENTRIES>
      <SOTR_TEXT>
       <CONCEPT>00163E568DB11EE8A0CD863EA5780621</CONCEPT>
       <LANGU>E</LANGU>
       <LFD_NUM>0001</LFD_NUM>
       <FLAG_CNTXT>X</FLAG_CNTXT>
       <STATUS>R</STATUS>
       <LENGTH>036</LENGTH>
       <TEXT>Outbound Mapping changes</TEXT>
      </SOTR_TEXT>
     </ENTRIES>
    </item>
    <item>
     <HEADER>
      <CONCEPT>00163E568DB11EE8A0CD894119EB8621</CONCEPT>
      <CREA_LAN>E</CREA_LAN>
      <TRALA_TYPE>1</TRALA_TYPE>
      <OBJID_VEC>AAI=</OBJID_VEC>
     </HEADER>
     <ENTRIES>
      <SOTR_TEXT>
       <CONCEPT>00163E568DB11EE8A0CD894119EB8621</CONCEPT>
       <LANGU>E</LANGU>
       <LFD_NUM>0001</LFD_NUM>
       <FLAG_CNTXT>X</FLAG_CNTXT>
       <STATUS>R</STATUS>
       <LENGTH>110</LENGTH>
       <TEXT>Implementation: cXML Foundation: BAdI for Processing of Outbound Messages</TEXT>
      </SOTR_TEXT>
     </ENTRIES>
    </item>
   </SOTR>
   <SOTR_USE>
    <SOTR_USE>
     <PGMID>R3TR</PGMID>
     <OBJECT>ENHO</OBJECT>
     <OBJ_NAME>ZARBFND_INTEGRATION_OUTBOUND</OBJ_NAME>
     <CONCEPT>00163E568DB11EE8A0CD863EA5780621</CONCEPT>
     <LFD_NUM>0001</LFD_NUM>
    </SOTR_USE>
    <SOTR_USE>
     <PGMID>R3TR</PGMID>
     <OBJECT>ENHO</OBJECT>
     <OBJ_NAME>ZARBFND_INTEGRATION_OUTBOUND</OBJ_NAME>
     <CONCEPT>00163E568DB11EE8A0CD894119EB8621</CONCEPT>
     <LFD_NUM>0001</LFD_NUM>
    </SOTR_USE>
   </SOTR_USE>
  </asx:values>
 </asx:abap>
</abapGit>
