﻿<?xml version="1.0" encoding="utf-8"?>
<abapGit version="v1.0.0" serializer="LCL_OBJECT_ENHO" serializer_version="v1.0.0">
 <asx:abap xmlns:asx="http://www.sap.com/abapxml" version="1.0">
  <asx:values>
   <TOOL>BADI_IMPL</TOOL>
   <SHORTTEXT>SLP MDG BP - Replication</SHORTTEXT>
   <SPOT_NAME>MDG_SE_SPOT_BPBUPA</SPOT_NAME>
   <IMPL>
    <ENH_BADI_IMPL_DATA>
     <SPOT_NAME>MDG_SE_SPOT_BPBUPA</SPOT_NAME>
     <BADI_NAME>MDG_SE_BP_BULK_REPLRQ_IN</BADI_NAME>
     <IMPL_NAME>ZBADI_IMP_BP_REPLICATION</IMPL_NAME>
     <IMPL_CLASS>ZCL_BP_REPLICATION</IMPL_CLASS>
     <ACTIVE>X</ACTIVE>
     <IMPL_SHORTTEXT>SLP MDG BP Replication</IMPL_SHORTTEXT>
     <IMPL_SHORTTEXT_ID>00163E568DB11ED8ABA32C46EC39DC16</IMPL_SHORTTEXT_ID>
     <SORTER_DATA>/wYCAQECgAA0MTAzAAAAAAEKAAAAAAEAAAAxBQAAAAAAAAAAAAAAAAAAAAAAAAAATABBAFkARQBS
ALwAAAABBL0E</SORTER_DATA>
    </ENH_BADI_IMPL_DATA>
   </IMPL>
   <SOTR>
    <item>
     <HEADER>
      <CONCEPT>00163E568DB11ED8ABA32587A82BDBE2</CONCEPT>
      <CREA_LAN>E</CREA_LAN>
      <TRALA_TYPE>1</TRALA_TYPE>
      <OBJID_VEC>AAI=</OBJID_VEC>
     </HEADER>
     <ENTRIES>
      <SOTR_TEXT>
       <CONCEPT>00163E568DB11ED8ABA32587A82BDBE2</CONCEPT>
       <LANGU>E</LANGU>
       <LFD_NUM>0001</LFD_NUM>
       <FLAG_CNTXT>X</FLAG_CNTXT>
       <STATUS>R</STATUS>
       <LENGTH>036</LENGTH>
       <TEXT>SLP MDG BP - Replication</TEXT>
      </SOTR_TEXT>
     </ENTRIES>
    </item>
    <item>
     <HEADER>
      <CONCEPT>00163E568DB11ED8ABA32C46EC39DC16</CONCEPT>
      <CREA_LAN>E</CREA_LAN>
      <TRALA_TYPE>1</TRALA_TYPE>
      <OBJID_VEC>AAI=</OBJID_VEC>
     </HEADER>
     <ENTRIES>
      <SOTR_TEXT>
       <CONCEPT>00163E568DB11ED8ABA32C46EC39DC16</CONCEPT>
       <LANGU>E</LANGU>
       <LFD_NUM>0001</LFD_NUM>
       <FLAG_CNTXT>X</FLAG_CNTXT>
       <STATUS>R</STATUS>
       <LENGTH>033</LENGTH>
       <TEXT>SLP MDG BP Replication</TEXT>
      </SOTR_TEXT>
     </ENTRIES>
    </item>
   </SOTR>
   <SOTR_USE>
    <SOTR_USE>
     <PGMID>R3TR</PGMID>
     <OBJECT>ENHO</OBJECT>
     <OBJ_NAME>ZBADI_BP_REPLICATION</OBJ_NAME>
     <CONCEPT>00163E568DB11ED8ABA32587A82BDBE2</CONCEPT>
     <LFD_NUM>0001</LFD_NUM>
    </SOTR_USE>
    <SOTR_USE>
     <PGMID>R3TR</PGMID>
     <OBJECT>ENHO</OBJECT>
     <OBJ_NAME>ZBADI_BP_REPLICATION</OBJ_NAME>
     <CONCEPT>00163E568DB11ED8ABA32C46EC39DC16</CONCEPT>
     <LFD_NUM>0001</LFD_NUM>
    </SOTR_USE>
   </SOTR_USE>
  </asx:values>
 </asx:abap>
</abapGit>
