﻿<?xml version="1.0" encoding="utf-8"?>
<abapGit version="v1.0.0" serializer="LCL_OBJECT_CLAS" serializer_version="v1.0.0">
 <asx:abap xmlns:asx="http://www.sap.com/abapxml" version="1.0">
  <asx:values>
   <VSEOCLASS>
    <CLSNAME>ZCL_GOS_SRV_ATTACHMENT_CREATE</CLSNAME>
    <LANGU>E</LANGU>
    <DESCRIPT>Publication for Generic Object Services</DESCRIPT>
    <STATE>1</STATE>
    <CLSCCINCL>X</CLSCCINCL>
    <FIXPT>X</FIXPT>
    <UNICODE>X</UNICODE>
   </VSEOCLASS>
   <DESCRIPTIONS>
    <SEOCOMPOTX>
     <CMPNAME>CREATE_ATTACHMENT</CMPNAME>
     <LANGU>E</LANGU>
     <DESCRIPT>Create Attachment</DESCRIPT>
    </SEOCOMPOTX>
    <SEOCOMPOTX>
     <CMPNAME>GET_ATTACHMENT</CMPNAME>
     <LANGU>E</LANGU>
     <DESCRIPT>Get Attachment</DESCRIPT>
    </SEOCOMPOTX>
    <SEOCOMPOTX>
     <CMPNAME>GT_ATTACHMENTS</CMPNAME>
     <LANGU>E</LANGU>
     <DESCRIPT>Unrelated attachments</DESCRIPT>
    </SEOCOMPOTX>
    <SEOCOMPOTX>
     <CMPNAME>GT_DOCUMENTS</CMPNAME>
     <LANGU>E</LANGU>
     <DESCRIPT>SAPoffice: Table Type for Selected Documents</DESCRIPT>
    </SEOCOMPOTX>
    <SEOCOMPOTX>
     <CMPNAME>GT_SSJF</CMPNAME>
     <LANGU>E</LANGU>
     <DESCRIPT>Single/Sole Source Justification Form</DESCRIPT>
    </SEOCOMPOTX>
   </DESCRIPTIONS>
   <DESCRIPTIONS_SUB>
    <SEOSUBCOTX>
     <CMPNAME>CREATE_ATTACHMENT</CMPNAME>
     <SCONAME>EV_RESULT</SCONAME>
     <LANGU>E</LANGU>
     <DESCRIPT>Single-Character Flag</DESCRIPT>
    </SEOSUBCOTX>
    <SEOSUBCOTX>
     <CMPNAME>CREATE_ATTACHMENT</CMPNAME>
     <SCONAME>IS_OBJECT</SCONAME>
     <LANGU>E</LANGU>
     <DESCRIPT>Object Relationship Service: BOR object identifier</DESCRIPT>
    </SEOSUBCOTX>
   </DESCRIPTIONS_SUB>
  </asx:values>
 </asx:abap>
</abapGit>
