﻿<?xml version="1.0" encoding="utf-8"?>
<abapGit version="v1.0.0" serializer="LCL_OBJECT_CLAS" serializer_version="v1.0.0">
 <asx:abap xmlns:asx="http://www.sap.com/abapxml" version="1.0">
  <asx:values>
   <VSEOCLASS>
    <CLSNAME>ZCL_MM_WI_EXIT_GI_CONFIRMATION</CLSNAME>
    <LANGU>E</LANGU>
    <DESCRIPT>GI Confirmation -Work Item Exit</DESCRIPT>
    <STATE>1</STATE>
    <CLSCCINCL>X</CLSCCINCL>
    <FIXPT>X</FIXPT>
    <UNICODE>X</UNICODE>
   </VSEOCLASS>
   <DESCRIPTIONS>
    <SEOCOMPOTX>
     <CMPNAME>AFTER_WI_CREATION</CMPNAME>
     <LANGU>E</LANGU>
     <DESCRIPT>After WI Creation</DESCRIPT>
    </SEOCOMPOTX>
    <SEOCOMPOTX>
     <CMPNAME>PROCESS_STATUS</CMPNAME>
     <LANGU>E</LANGU>
     <DESCRIPT>Process Status</DESCRIPT>
    </SEOCOMPOTX>
    <SEOCOMPOTX>
     <CMPNAME>SENDING_MAIL</CMPNAME>
     <LANGU>E</LANGU>
     <DESCRIPT>Sending Email</DESCRIPT>
    </SEOCOMPOTX>
    <SEOCOMPOTX>
     <CMPNAME>WI_CONTEXT</CMPNAME>
     <LANGU>E</LANGU>
     <DESCRIPT>Context for Work Item</DESCRIPT>
    </SEOCOMPOTX>
   </DESCRIPTIONS>
   <DESCRIPTIONS_SUB>
    <SEOSUBCOTX>
     <CMPNAME>GET_GI_OUTPUT_PDF</CMPNAME>
     <SCONAME>ET_PDF_CONTENT</SCONAME>
     <LANGU>E</LANGU>
     <DESCRIPT>GBT: SOLIX as Table Type</DESCRIPT>
    </SEOSUBCOTX>
    <SEOSUBCOTX>
     <CMPNAME>GET_GI_OUTPUT_PDF</CMPNAME>
     <SCONAME>EV_PDF_SIZE</SCONAME>
     <LANGU>E</LANGU>
     <DESCRIPT>Size of Document Content</DESCRIPT>
    </SEOSUBCOTX>
    <SEOSUBCOTX>
     <CMPNAME>GET_GI_OUTPUT_PDF</CMPNAME>
     <SCONAME>RSNUM</SCONAME>
     <LANGU>E</LANGU>
     <DESCRIPT>Number of reservation/dependent requirements</DESCRIPT>
    </SEOSUBCOTX>
    <SEOSUBCOTX>
     <CMPNAME>SENDING_MAIL</CMPNAME>
     <SCONAME>MKPF</SCONAME>
     <LANGU>E</LANGU>
     <DESCRIPT>Header: Material Document</DESCRIPT>
    </SEOSUBCOTX>
    <SEOSUBCOTX>
     <CMPNAME>SENDING_MAIL</CMPNAME>
     <SCONAME>RSNUM</SCONAME>
     <LANGU>E</LANGU>
     <DESCRIPT>Number of reservation/dependent requirements</DESCRIPT>
    </SEOSUBCOTX>
    <SEOSUBCOTX>
     <CMPNAME>SENDING_MAIL</CMPNAME>
     <SCONAME>USERID</SCONAME>
     <LANGU>E</LANGU>
     <DESCRIPT>User Name</DESCRIPT>
    </SEOSUBCOTX>
    <SEOSUBCOTX>
     <CMPNAME>SENDING_MAIL</CMPNAME>
     <SCONAME>WI_ID</SCONAME>
     <LANGU>E</LANGU>
     <DESCRIPT>Work item ID</DESCRIPT>
    </SEOSUBCOTX>
   </DESCRIPTIONS_SUB>
  </asx:values>
 </asx:abap>
</abapGit>
