﻿<?xml version="1.0" encoding="utf-8"?>
<abapGit version="v1.0.0" serializer="LCL_OBJECT_CLAS" serializer_version="v1.0.0">
 <asx:abap xmlns:asx="http://www.sap.com/abapxml" version="1.0">
  <asx:values>
   <VSEOCLASS>
    <CLSNAME>ZCL_MM_WF_INT_RESERVATION</CLSNAME>
    <LANGU>E</LANGU>
    <DESCRIPT>WF Interanl Reservation</DESCRIPT>
    <STATE>1</STATE>
    <CLSCCINCL>X</CLSCCINCL>
    <FIXPT>X</FIXPT>
    <UNICODE>X</UNICODE>
   </VSEOCLASS>
   <DESCRIPTIONS>
    <SEOCOMPOTX>
     <CMPNAME>CREATE_IR</CMPNAME>
     <LANGU>E</LANGU>
     <DESCRIPT>Create IR</DESCRIPT>
    </SEOCOMPOTX>
    <SEOCOMPOTX>
     <CMPNAME>GET_EMAIL_ADDR_BY_USERID</CMPNAME>
     <LANGU>E</LANGU>
     <DESCRIPT>Getting User Email Address</DESCRIPT>
    </SEOCOMPOTX>
    <SEOCOMPOTX>
     <CMPNAME>INIT_IR_WF_CONTAINER</CMPNAME>
     <LANGU>E</LANGU>
     <DESCRIPT>Initialization WF Container</DESCRIPT>
    </SEOCOMPOTX>
    <SEOCOMPOTX>
     <CMPNAME>INIT_IR_WF_CONTAINER_NEW</CMPNAME>
     <LANGU>E</LANGU>
     <DESCRIPT>Initialization WF Container New</DESCRIPT>
    </SEOCOMPOTX>
    <SEOCOMPOTX>
     <CMPNAME>INIT_WF_CONTAINER</CMPNAME>
     <LANGU>E</LANGU>
     <DESCRIPT>Initialization WF Container- dont use</DESCRIPT>
    </SEOCOMPOTX>
    <SEOCOMPOTX>
     <CMPNAME>SEND_APPROVAL_MAIL</CMPNAME>
     <LANGU>E</LANGU>
     <DESCRIPT>Sending Final Approval Mail</DESCRIPT>
    </SEOCOMPOTX>
    <SEOCOMPOTX>
     <CMPNAME>SEND_REJECT_MAIL</CMPNAME>
     <LANGU>E</LANGU>
     <DESCRIPT>Sending Rejection Mail</DESCRIPT>
    </SEOCOMPOTX>
    <SEOCOMPOTX>
     <CMPNAME>UPDATE_DB</CMPNAME>
     <LANGU>E</LANGU>
     <DESCRIPT>Updating DB Workflow History</DESCRIPT>
    </SEOCOMPOTX>
   </DESCRIPTIONS>
   <DESCRIPTIONS_SUB>
    <SEOSUBCOTX>
     <CMPNAME>CREATE_IR</CMPNAME>
     <SCONAME>APPROVAL_LEVEL</SCONAME>
     <LANGU>E</LANGU>
     <DESCRIPT>Approval Level</DESCRIPT>
    </SEOSUBCOTX>
    <SEOSUBCOTX>
     <CMPNAME>CREATE_IR</CMPNAME>
     <SCONAME>FINAL_APPROVAL_LEVEL</SCONAME>
     <LANGU>E</LANGU>
     <DESCRIPT>Approval Level</DESCRIPT>
    </SEOSUBCOTX>
    <SEOSUBCOTX>
     <CMPNAME>CREATE_IR</CMPNAME>
     <SCONAME>IS_RKPF</SCONAME>
     <LANGU>E</LANGU>
     <DESCRIPT>Document Header: Reservation</DESCRIPT>
    </SEOSUBCOTX>
    <SEOSUBCOTX>
     <CMPNAME>CREATE_IR</CMPNAME>
     <SCONAME>IT_RESB</SCONAME>
     <LANGU>E</LANGU>
     <DESCRIPT>Reservation/dependent requirements</DESCRIPT>
    </SEOSUBCOTX>
    <SEOSUBCOTX>
     <CMPNAME>CREATE_IR</CMPNAME>
     <SCONAME>IT_WF_HISTORY</SCONAME>
     <LANGU>E</LANGU>
     <DESCRIPT>IR WF History</DESCRIPT>
    </SEOSUBCOTX>
    <SEOSUBCOTX>
     <CMPNAME>CREATE_IR</CMPNAME>
     <SCONAME>IT_WF_USERS</SCONAME>
     <LANGU>E</LANGU>
     <DESCRIPT>IR WF Users</DESCRIPT>
    </SEOSUBCOTX>
    <SEOSUBCOTX>
     <CMPNAME>CREATE_IR</CMPNAME>
     <SCONAME>MATKL</SCONAME>
     <LANGU>E</LANGU>
     <DESCRIPT>Material Group</DESCRIPT>
    </SEOSUBCOTX>
    <SEOSUBCOTX>
     <CMPNAME>CREATE_IR</CMPNAME>
     <SCONAME>RSNUM</SCONAME>
     <LANGU>E</LANGU>
     <DESCRIPT>Number of reservation/dependent requirements</DESCRIPT>
    </SEOSUBCOTX>
    <SEOSUBCOTX>
     <CMPNAME>CREATE_IR</CMPNAME>
     <SCONAME>VERSION</SCONAME>
     <LANGU>E</LANGU>
     <DESCRIPT>Object version</DESCRIPT>
    </SEOSUBCOTX>
    <SEOSUBCOTX>
     <CMPNAME>GET_EMAIL_ADDR_BY_USERID</CMPNAME>
     <SCONAME>ADDRESS</SCONAME>
     <LANGU>E</LANGU>
     <DESCRIPT>BAPI reference structure for addresses (contact person)</DESCRIPT>
    </SEOSUBCOTX>
    <SEOSUBCOTX>
     <CMPNAME>GET_EMAIL_ADDR_BY_USERID</CMPNAME>
     <SCONAME>EMAIL_ADDR</SCONAME>
     <LANGU>E</LANGU>
     <DESCRIPT>E-Mail Address</DESCRIPT>
    </SEOSUBCOTX>
    <SEOSUBCOTX>
     <CMPNAME>GET_EMAIL_ADDR_BY_USERID</CMPNAME>
     <SCONAME>ISLOCKED</SCONAME>
     <LANGU>E</LANGU>
     <DESCRIPT>User Lock</DESCRIPT>
    </SEOSUBCOTX>
    <SEOSUBCOTX>
     <CMPNAME>GET_EMAIL_ADDR_BY_USERID</CMPNAME>
     <SCONAME>USERID</SCONAME>
     <LANGU>E</LANGU>
     <DESCRIPT>Initiator of workflow instance</DESCRIPT>
    </SEOSUBCOTX>
    <SEOSUBCOTX>
     <CMPNAME>INIT_IR_WF_CONTAINER</CMPNAME>
     <SCONAME>APPROVAL_LEVEL</SCONAME>
     <LANGU>E</LANGU>
     <DESCRIPT>Approval Level</DESCRIPT>
    </SEOSUBCOTX>
    <SEOSUBCOTX>
     <CMPNAME>INIT_IR_WF_CONTAINER</CMPNAME>
     <SCONAME>FINAL_APPROVAL_LEVEL</SCONAME>
     <LANGU>E</LANGU>
     <DESCRIPT>Approval Level</DESCRIPT>
    </SEOSUBCOTX>
    <SEOSUBCOTX>
     <CMPNAME>INIT_IR_WF_CONTAINER</CMPNAME>
     <SCONAME>IT_WF_HISTORY</SCONAME>
     <LANGU>E</LANGU>
     <DESCRIPT>IR WF History</DESCRIPT>
    </SEOSUBCOTX>
    <SEOSUBCOTX>
     <CMPNAME>INIT_IR_WF_CONTAINER</CMPNAME>
     <SCONAME>IT_WF_USERS</SCONAME>
     <LANGU>E</LANGU>
     <DESCRIPT>IR WF Users</DESCRIPT>
    </SEOSUBCOTX>
    <SEOSUBCOTX>
     <CMPNAME>INIT_IR_WF_CONTAINER</CMPNAME>
     <SCONAME>MATKL</SCONAME>
     <LANGU>E</LANGU>
     <DESCRIPT>Material Group</DESCRIPT>
    </SEOSUBCOTX>
    <SEOSUBCOTX>
     <CMPNAME>INIT_IR_WF_CONTAINER</CMPNAME>
     <SCONAME>RSNUM</SCONAME>
     <LANGU>E</LANGU>
     <DESCRIPT>Number of reservation/dependent requirements</DESCRIPT>
    </SEOSUBCOTX>
    <SEOSUBCOTX>
     <CMPNAME>INIT_IR_WF_CONTAINER</CMPNAME>
     <SCONAME>VERSION</SCONAME>
     <LANGU>E</LANGU>
     <DESCRIPT>Object version</DESCRIPT>
    </SEOSUBCOTX>
    <SEOSUBCOTX>
     <CMPNAME>INIT_IR_WF_CONTAINER</CMPNAME>
     <SCONAME>WF_INITIATOR</SCONAME>
     <LANGU>E</LANGU>
     <DESCRIPT>Initiator of workflow instance</DESCRIPT>
    </SEOSUBCOTX>
    <SEOSUBCOTX>
     <CMPNAME>INIT_IR_WF_CONTAINER_NEW</CMPNAME>
     <SCONAME>APPROVAL_LEVEL</SCONAME>
     <LANGU>E</LANGU>
     <DESCRIPT>Approval Level</DESCRIPT>
    </SEOSUBCOTX>
    <SEOSUBCOTX>
     <CMPNAME>INIT_IR_WF_CONTAINER_NEW</CMPNAME>
     <SCONAME>FINAL_APPROVAL_LEVEL</SCONAME>
     <LANGU>E</LANGU>
     <DESCRIPT>Approval Level</DESCRIPT>
    </SEOSUBCOTX>
    <SEOSUBCOTX>
     <CMPNAME>INIT_IR_WF_CONTAINER_NEW</CMPNAME>
     <SCONAME>IT_WF_HISTORY</SCONAME>
     <LANGU>E</LANGU>
     <DESCRIPT>IR WF History</DESCRIPT>
    </SEOSUBCOTX>
    <SEOSUBCOTX>
     <CMPNAME>INIT_IR_WF_CONTAINER_NEW</CMPNAME>
     <SCONAME>IT_WF_USERS</SCONAME>
     <LANGU>E</LANGU>
     <DESCRIPT>IR WF Users</DESCRIPT>
    </SEOSUBCOTX>
    <SEOSUBCOTX>
     <CMPNAME>INIT_IR_WF_CONTAINER_NEW</CMPNAME>
     <SCONAME>MATKL</SCONAME>
     <LANGU>E</LANGU>
     <DESCRIPT>Material Group</DESCRIPT>
    </SEOSUBCOTX>
    <SEOSUBCOTX>
     <CMPNAME>INIT_IR_WF_CONTAINER_NEW</CMPNAME>
     <SCONAME>RSNUM</SCONAME>
     <LANGU>E</LANGU>
     <DESCRIPT>Number of reservation/dependent requirements</DESCRIPT>
    </SEOSUBCOTX>
    <SEOSUBCOTX>
     <CMPNAME>INIT_IR_WF_CONTAINER_NEW</CMPNAME>
     <SCONAME>VERSION</SCONAME>
     <LANGU>E</LANGU>
     <DESCRIPT>Object version</DESCRIPT>
    </SEOSUBCOTX>
    <SEOSUBCOTX>
     <CMPNAME>INIT_IR_WF_CONTAINER_NEW</CMPNAME>
     <SCONAME>WF_INITIATOR</SCONAME>
     <LANGU>E</LANGU>
     <DESCRIPT>Initiator of workflow instance</DESCRIPT>
    </SEOSUBCOTX>
    <SEOSUBCOTX>
     <CMPNAME>INIT_WF_CONTAINER</CMPNAME>
     <SCONAME>APPROVAL_LEVEL</SCONAME>
     <LANGU>E</LANGU>
     <DESCRIPT>Approval Level</DESCRIPT>
    </SEOSUBCOTX>
    <SEOSUBCOTX>
     <CMPNAME>INIT_WF_CONTAINER</CMPNAME>
     <SCONAME>FINAL_APPROVAL_LEVEL</SCONAME>
     <LANGU>E</LANGU>
     <DESCRIPT>Approval Level</DESCRIPT>
    </SEOSUBCOTX>
    <SEOSUBCOTX>
     <CMPNAME>INIT_WF_CONTAINER</CMPNAME>
     <SCONAME>IT_WF_HISTORY</SCONAME>
     <LANGU>E</LANGU>
     <DESCRIPT>IR WF History</DESCRIPT>
    </SEOSUBCOTX>
    <SEOSUBCOTX>
     <CMPNAME>INIT_WF_CONTAINER</CMPNAME>
     <SCONAME>IT_WF_USERS</SCONAME>
     <LANGU>E</LANGU>
     <DESCRIPT>IR WF Users</DESCRIPT>
    </SEOSUBCOTX>
    <SEOSUBCOTX>
     <CMPNAME>INIT_WF_CONTAINER</CMPNAME>
     <SCONAME>MATKL</SCONAME>
     <LANGU>E</LANGU>
     <DESCRIPT>Material Group</DESCRIPT>
    </SEOSUBCOTX>
    <SEOSUBCOTX>
     <CMPNAME>INIT_WF_CONTAINER</CMPNAME>
     <SCONAME>RSNUM</SCONAME>
     <LANGU>E</LANGU>
     <DESCRIPT>Number of reservation/dependent requirements</DESCRIPT>
    </SEOSUBCOTX>
    <SEOSUBCOTX>
     <CMPNAME>INIT_WF_CONTAINER</CMPNAME>
     <SCONAME>VERSION</SCONAME>
     <LANGU>E</LANGU>
     <DESCRIPT>Object version</DESCRIPT>
    </SEOSUBCOTX>
    <SEOSUBCOTX>
     <CMPNAME>INIT_WF_CONTAINER</CMPNAME>
     <SCONAME>WF_INITIATOR</SCONAME>
     <LANGU>E</LANGU>
     <DESCRIPT>Initiator of workflow instance</DESCRIPT>
    </SEOSUBCOTX>
    <SEOSUBCOTX>
     <CMPNAME>SEND_APPROVAL_MAIL</CMPNAME>
     <SCONAME>FINAL_APPROVAL</SCONAME>
     <LANGU>E</LANGU>
     <DESCRIPT>Single-Character Flag</DESCRIPT>
    </SEOSUBCOTX>
    <SEOSUBCOTX>
     <CMPNAME>SEND_APPROVAL_MAIL</CMPNAME>
     <SCONAME>IT_WF_HISTORY</SCONAME>
     <LANGU>E</LANGU>
     <DESCRIPT>IR WF History</DESCRIPT>
    </SEOSUBCOTX>
    <SEOSUBCOTX>
     <CMPNAME>SEND_APPROVAL_MAIL</CMPNAME>
     <SCONAME>RESB</SCONAME>
     <LANGU>E</LANGU>
     <DESCRIPT>Table Type for RESB (Reservation Items)</DESCRIPT>
    </SEOSUBCOTX>
    <SEOSUBCOTX>
     <CMPNAME>SEND_APPROVAL_MAIL</CMPNAME>
     <SCONAME>RKPF</SCONAME>
     <LANGU>E</LANGU>
     <DESCRIPT>Document Header: Reservation</DESCRIPT>
    </SEOSUBCOTX>
    <SEOSUBCOTX>
     <CMPNAME>SEND_APPROVAL_MAIL</CMPNAME>
     <SCONAME>WF_INITIATOR</SCONAME>
     <LANGU>E</LANGU>
     <DESCRIPT>Initiator of workflow instance</DESCRIPT>
    </SEOSUBCOTX>
    <SEOSUBCOTX>
     <CMPNAME>SEND_REJECT_MAIL</CMPNAME>
     <SCONAME>APPROVAL_LEVEL</SCONAME>
     <LANGU>E</LANGU>
     <DESCRIPT>Approval Level</DESCRIPT>
    </SEOSUBCOTX>
    <SEOSUBCOTX>
     <CMPNAME>SEND_REJECT_MAIL</CMPNAME>
     <SCONAME>IS_REJECTED</SCONAME>
     <LANGU>E</LANGU>
     <DESCRIPT>Single-Character Flag</DESCRIPT>
    </SEOSUBCOTX>
    <SEOSUBCOTX>
     <CMPNAME>SEND_REJECT_MAIL</CMPNAME>
     <SCONAME>IT_WF_HISTORY</SCONAME>
     <LANGU>E</LANGU>
     <DESCRIPT>IR WF History</DESCRIPT>
    </SEOSUBCOTX>
    <SEOSUBCOTX>
     <CMPNAME>SEND_REJECT_MAIL</CMPNAME>
     <SCONAME>RESB</SCONAME>
     <LANGU>E</LANGU>
     <DESCRIPT>Table Type for RESB (Reservation Items)</DESCRIPT>
    </SEOSUBCOTX>
    <SEOSUBCOTX>
     <CMPNAME>SEND_REJECT_MAIL</CMPNAME>
     <SCONAME>RKPF</SCONAME>
     <LANGU>E</LANGU>
     <DESCRIPT>Document Header: Reservation</DESCRIPT>
    </SEOSUBCOTX>
    <SEOSUBCOTX>
     <CMPNAME>SEND_REJECT_MAIL</CMPNAME>
     <SCONAME>WF_INITIATOR</SCONAME>
     <LANGU>E</LANGU>
     <DESCRIPT>Initiator of workflow instance</DESCRIPT>
    </SEOSUBCOTX>
    <SEOSUBCOTX>
     <CMPNAME>SEND_REJECT_MAIL</CMPNAME>
     <SCONAME>WI_ID</SCONAME>
     <LANGU>E</LANGU>
     <DESCRIPT>Work item ID</DESCRIPT>
    </SEOSUBCOTX>
    <SEOSUBCOTX>
     <CMPNAME>UPDATE_DB</CMPNAME>
     <SCONAME>APPROVAL_LEVEL</SCONAME>
     <LANGU>E</LANGU>
     <DESCRIPT>Approval Level</DESCRIPT>
    </SEOSUBCOTX>
    <SEOSUBCOTX>
     <CMPNAME>UPDATE_DB</CMPNAME>
     <SCONAME>FINAL_APPROVAL</SCONAME>
     <LANGU>E</LANGU>
     <DESCRIPT>Single-Character Flag</DESCRIPT>
    </SEOSUBCOTX>
    <SEOSUBCOTX>
     <CMPNAME>UPDATE_DB</CMPNAME>
     <SCONAME>FINAL_APPROVAL_LEVEL</SCONAME>
     <LANGU>E</LANGU>
     <DESCRIPT>Single-Character Flag</DESCRIPT>
    </SEOSUBCOTX>
    <SEOSUBCOTX>
     <CMPNAME>UPDATE_DB</CMPNAME>
     <SCONAME>IS_REJECTED</SCONAME>
     <LANGU>E</LANGU>
     <DESCRIPT>Single-Character Flag</DESCRIPT>
    </SEOSUBCOTX>
    <SEOSUBCOTX>
     <CMPNAME>UPDATE_DB</CMPNAME>
     <SCONAME>IT_WF_HISTORY</SCONAME>
     <LANGU>E</LANGU>
     <DESCRIPT>IR WF History</DESCRIPT>
    </SEOSUBCOTX>
    <SEOSUBCOTX>
     <CMPNAME>UPDATE_DB</CMPNAME>
     <SCONAME>REJECT_REASON</SCONAME>
     <LANGU>E</LANGU>
     <DESCRIPT>Rejected Reason</DESCRIPT>
    </SEOSUBCOTX>
   </DESCRIPTIONS_SUB>
  </asx:values>
 </asx:abap>
</abapGit>
