﻿<?xml version="1.0" encoding="utf-8"?>
<abapGit version="v1.0.0" serializer="LCL_OBJECT_CLAS" serializer_version="v1.0.0">
 <asx:abap xmlns:asx="http://www.sap.com/abapxml" version="1.0">
  <asx:values>
   <VSEOCLASS>
    <CLSNAME>ZCL_MM_IRESERVATION_DPC_EXT</CLSNAME>
    <LANGU>E</LANGU>
    <DESCRIPT>Data Provider Secondary Class</DESCRIPT>
    <STATE>1</STATE>
    <CLSCCINCL>X</CLSCCINCL>
    <FIXPT>X</FIXPT>
    <UNICODE>X</UNICODE>
   </VSEOCLASS>
   <DESCRIPTIONS>
    <SEOCOMPOTX>
     <CMPNAME>CREATE_IR_DEEP_ENTITY</CMPNAME>
     <LANGU>E</LANGU>
     <DESCRIPT>Execute a deep insert CREATE request (CreateRUD)</DESCRIPT>
    </SEOCOMPOTX>
    <SEOCOMPOTX>
     <CMPNAME>GET_IRITEMSSET_ENTITYSET</CMPNAME>
     <LANGU>E</LANGU>
     <DESCRIPT>Related EntitySet Name: IRItemsSet</DESCRIPT>
    </SEOCOMPOTX>
   </DESCRIPTIONS>
   <DESCRIPTIONS_SUB>
    <SEOSUBCOTX>
     <CMPNAME>CREATE_IR_DEEP_ENTITY</CMPNAME>
     <SCONAME>/IWBEP/CX_MGW_BUSI_EXCEPTION</SCONAME>
     <LANGU>E</LANGU>
     <DESCRIPT>business exception</DESCRIPT>
    </SEOSUBCOTX>
    <SEOSUBCOTX>
     <CMPNAME>CREATE_IR_DEEP_ENTITY</CMPNAME>
     <SCONAME>/IWBEP/CX_MGW_TECH_EXCEPTION</SCONAME>
     <LANGU>E</LANGU>
     <DESCRIPT>technical exception</DESCRIPT>
    </SEOSUBCOTX>
    <SEOSUBCOTX>
     <CMPNAME>CREATE_IR_DEEP_ENTITY</CMPNAME>
     <SCONAME>IO_DATA_PROVIDER</SCONAME>
     <LANGU>E</LANGU>
     <DESCRIPT>MGW Entry Data Provider</DESCRIPT>
    </SEOSUBCOTX>
    <SEOSUBCOTX>
     <CMPNAME>CREATE_IR_DEEP_ENTITY</CMPNAME>
     <SCONAME>IO_EXPAND</SCONAME>
     <LANGU>E</LANGU>
     <DESCRIPT>Expand Comparator Interface</DESCRIPT>
    </SEOSUBCOTX>
    <SEOSUBCOTX>
     <CMPNAME>CREATE_IR_DEEP_ENTITY</CMPNAME>
     <SCONAME>IO_TECH_REQUEST_CONTEXT</SCONAME>
     <LANGU>E</LANGU>
     <DESCRIPT>Request Details for Entity Create Operation</DESCRIPT>
    </SEOSUBCOTX>
    <SEOSUBCOTX>
     <CMPNAME>CREATE_IR_DEEP_ENTITY</CMPNAME>
     <SCONAME>IT_KEY_TAB</SCONAME>
     <LANGU>E</LANGU>
     <DESCRIPT>table for name value pairs Obsolete</DESCRIPT>
    </SEOSUBCOTX>
    <SEOSUBCOTX>
     <CMPNAME>CREATE_IR_DEEP_ENTITY</CMPNAME>
     <SCONAME>IT_NAVIGATION_PATH</SCONAME>
     <LANGU>E</LANGU>
     <DESCRIPT>table of navigation paths Obsolete</DESCRIPT>
    </SEOSUBCOTX>
    <SEOSUBCOTX>
     <CMPNAME>CREATE_IR_DEEP_ENTITY</CMPNAME>
     <SCONAME>IV_ENTITY_NAME</SCONAME>
     <LANGU>E</LANGU>
     <DESCRIPT>Obsolete</DESCRIPT>
    </SEOSUBCOTX>
    <SEOSUBCOTX>
     <CMPNAME>CREATE_IR_DEEP_ENTITY</CMPNAME>
     <SCONAME>IV_ENTITY_SET_NAME</SCONAME>
     <LANGU>E</LANGU>
     <DESCRIPT>Obsolete</DESCRIPT>
    </SEOSUBCOTX>
    <SEOSUBCOTX>
     <CMPNAME>CREATE_IR_DEEP_ENTITY</CMPNAME>
     <SCONAME>IV_SOURCE_NAME</SCONAME>
     <LANGU>E</LANGU>
     <DESCRIPT>Obsolete</DESCRIPT>
    </SEOSUBCOTX>
    <SEOSUBCOTX>
     <CMPNAME>GET_IRITEMSSET_ENTITYSET</CMPNAME>
     <SCONAME>/IWBEP/CX_MGW_BUSI_EXCEPTION</SCONAME>
     <LANGU>E</LANGU>
     <DESCRIPT>business exception in mgw</DESCRIPT>
    </SEOSUBCOTX>
    <SEOSUBCOTX>
     <CMPNAME>GET_IRITEMSSET_ENTITYSET</CMPNAME>
     <SCONAME>/IWBEP/CX_MGW_TECH_EXCEPTION</SCONAME>
     <LANGU>E</LANGU>
     <DESCRIPT>mgw technical exception</DESCRIPT>
    </SEOSUBCOTX>
    <SEOSUBCOTX>
     <CMPNAME>GET_IRITEMSSET_ENTITYSET</CMPNAME>
     <SCONAME>ET_ENTITYSET</SCONAME>
     <LANGU>E</LANGU>
     <DESCRIPT>Returning data</DESCRIPT>
    </SEOSUBCOTX>
    <SEOSUBCOTX>
     <CMPNAME>GET_IRITEMSSET_ENTITYSET</CMPNAME>
     <SCONAME>IS_PAGING</SCONAME>
     <LANGU>E</LANGU>
     <DESCRIPT>Paging structure</DESCRIPT>
    </SEOSUBCOTX>
    <SEOSUBCOTX>
     <CMPNAME>GET_IRITEMSSET_ENTITYSET</CMPNAME>
     <SCONAME>IT_FILTER_SELECT_OPTIONS</SCONAME>
     <LANGU>E</LANGU>
     <DESCRIPT>Table of select options</DESCRIPT>
    </SEOSUBCOTX>
    <SEOSUBCOTX>
     <CMPNAME>GET_IRITEMSSET_ENTITYSET</CMPNAME>
     <SCONAME>IT_KEY_TAB</SCONAME>
     <LANGU>E</LANGU>
     <DESCRIPT>Table for name value pairs</DESCRIPT>
    </SEOSUBCOTX>
    <SEOSUBCOTX>
     <CMPNAME>GET_IRITEMSSET_ENTITYSET</CMPNAME>
     <SCONAME>IT_NAVIGATION_PATH</SCONAME>
     <LANGU>E</LANGU>
     <DESCRIPT>Table of navigation paths</DESCRIPT>
    </SEOSUBCOTX>
    <SEOSUBCOTX>
     <CMPNAME>GET_IRITEMSSET_ENTITYSET</CMPNAME>
     <SCONAME>IT_ORDER</SCONAME>
     <LANGU>E</LANGU>
     <DESCRIPT>The sorting order</DESCRIPT>
    </SEOSUBCOTX>
    <SEOSUBCOTX>
     <CMPNAME>GET_IRITEMSSET_ENTITYSET</CMPNAME>
     <SCONAME>IV_FILTER_STRING</SCONAME>
     <LANGU>E</LANGU>
     <DESCRIPT>Table for name value pairs</DESCRIPT>
    </SEOSUBCOTX>
   </DESCRIPTIONS_SUB>
  </asx:values>
 </asx:abap>
</abapGit>
