﻿<?xml version="1.0" encoding="utf-8"?>
<abapGit version="v1.0.0" serializer="LCL_OBJECT_CLAS" serializer_version="v1.0.0">
 <asx:abap xmlns:asx="http://www.sap.com/abapxml" version="1.0">
  <asx:values>
   <VSEOCLASS>
    <CLSNAME>ZCL_MASS_CHANGE_PR_PURCHASE_GR</CLSNAME>
    <LANGU>E</LANGU>
    <DESCRIPT>Class for mass change in PR Purchase group WF</DESCRIPT>
    <STATE>1</STATE>
    <CLSCCINCL>X</CLSCCINCL>
    <FIXPT>X</FIXPT>
    <UNICODE>X</UNICODE>
   </VSEOCLASS>
   <DESCRIPTIONS>
    <SEOCOMPOTX>
     <CMPNAME>CHECK_CONSISTENCY</CMPNAME>
     <LANGU>E</LANGU>
     <DESCRIPT>check consistency of PR</DESCRIPT>
    </SEOCOMPOTX>
    <SEOCOMPOTX>
     <CMPNAME>GET_MAIL_ID</CMPNAME>
     <LANGU>E</LANGU>
     <DESCRIPT>Get mail id of Purchase group</DESCRIPT>
    </SEOCOMPOTX>
   </DESCRIPTIONS>
   <DESCRIPTIONS_SUB>
    <SEOSUBCOTX>
     <CMPNAME>CHECK_CONSISTENCY</CMPNAME>
     <SCONAME>EX_CONSISTENT</SCONAME>
     <LANGU>E</LANGU>
     <DESCRIPT>Boolean Variable (X = True, - = False, Space = Unknown)</DESCRIPT>
    </SEOSUBCOTX>
    <SEOSUBCOTX>
     <CMPNAME>CHECK_CONSISTENCY</CMPNAME>
     <SCONAME>IM_OBJKEY</SCONAME>
     <LANGU>E</LANGU>
     <DESCRIPT>Object key</DESCRIPT>
    </SEOSUBCOTX>
    <SEOSUBCOTX>
     <CMPNAME>GET_MAIL_ID</CMPNAME>
     <SCONAME>EX_MAILID</SCONAME>
     <LANGU>E</LANGU>
     <DESCRIPT>E-Mail Address</DESCRIPT>
    </SEOSUBCOTX>
    <SEOSUBCOTX>
     <CMPNAME>GET_MAIL_ID</CMPNAME>
     <SCONAME>EX_NEW_PGR</SCONAME>
     <LANGU>E</LANGU>
     <DESCRIPT>Purchasing Group</DESCRIPT>
    </SEOSUBCOTX>
    <SEOSUBCOTX>
     <CMPNAME>GET_MAIL_ID</CMPNAME>
     <SCONAME>EX_PGR_NAME</SCONAME>
     <LANGU>E</LANGU>
     <DESCRIPT>Description of purchasing group</DESCRIPT>
    </SEOSUBCOTX>
    <SEOSUBCOTX>
     <CMPNAME>GET_MAIL_ID</CMPNAME>
     <SCONAME>EX_PR_DETAILS</SCONAME>
     <LANGU>E</LANGU>
     <DESCRIPT>Table type for Mass Purchase group change in PR</DESCRIPT>
    </SEOSUBCOTX>
    <SEOSUBCOTX>
     <CMPNAME>GET_MAIL_ID</CMPNAME>
     <SCONAME>EX_PR_LIST</SCONAME>
     <LANGU>E</LANGU>
     <DESCRIPT>Object Value</DESCRIPT>
    </SEOSUBCOTX>
    <SEOSUBCOTX>
     <CMPNAME>GET_MAIL_ID</CMPNAME>
     <SCONAME>IM_OBJ_KEY</SCONAME>
     <LANGU>E</LANGU>
     <DESCRIPT>Object key</DESCRIPT>
    </SEOSUBCOTX>
    <SEOSUBCOTX>
     <CMPNAME>SEND_EMAIL</CMPNAME>
     <SCONAME>IM_PGR_NAME</SCONAME>
     <LANGU>E</LANGU>
     <DESCRIPT>Description of purchasing group</DESCRIPT>
    </SEOSUBCOTX>
    <SEOSUBCOTX>
     <CMPNAME>SEND_EMAIL</CMPNAME>
     <SCONAME>IM_PR_DETAILS</SCONAME>
     <LANGU>E</LANGU>
     <DESCRIPT>Table type for Mass Purchase group change in PR</DESCRIPT>
    </SEOSUBCOTX>
    <SEOSUBCOTX>
     <CMPNAME>SEND_EMAIL</CMPNAME>
     <SCONAME>IM_RECEPIENT</SCONAME>
     <LANGU>E</LANGU>
     <DESCRIPT>E-Mail Address</DESCRIPT>
    </SEOSUBCOTX>
   </DESCRIPTIONS_SUB>
  </asx:values>
 </asx:abap>
</abapGit>
