﻿<?xml version="1.0" encoding="utf-8"?>
<abapGit version="v1.0.0" serializer="LCL_OBJECT_CLAS" serializer_version="v1.0.0">
 <asx:abap xmlns:asx="http://www.sap.com/abapxml" version="1.0">
  <asx:values>
   <VSEOCLASS>
    <CLSNAME>ZCL_MM_WF_GR_INSPECTION</CLSNAME>
    <LANGU>E</LANGU>
    <DESCRIPT>MIGO-GR Inspection</DESCRIPT>
    <STATE>1</STATE>
    <CLSCCINCL>X</CLSCCINCL>
    <FIXPT>X</FIXPT>
    <UNICODE>X</UNICODE>
   </VSEOCLASS>
   <TPOOL>
    <item>
     <ID>I</ID>
     <KEY>001</KEY>
     <ENTRY>Errors occurred.</ENTRY>
     <LENGTH>26</LENGTH>
    </item>
    <item>
     <ID>I</ID>
     <KEY>002</KEY>
     <ENTRY>Error Type</ENTRY>
     <LENGTH>20</LENGTH>
    </item>
    <item>
     <ID>I</ID>
     <KEY>003</KEY>
     <ENTRY>Document was sent.</ENTRY>
     <LENGTH>28</LENGTH>
    </item>
   </TPOOL>
   <DESCRIPTIONS>
    <SEOCOMPOTX>
     <CMPNAME>CREATE_GR</CMPNAME>
     <LANGU>E</LANGU>
     <DESCRIPT>Create GR</DESCRIPT>
    </SEOCOMPOTX>
    <SEOCOMPOTX>
     <CMPNAME>SEND_CONFIRMATION_EMAIL</CMPNAME>
     <LANGU>E</LANGU>
     <DESCRIPT>Send EMail for Confirmation</DESCRIPT>
    </SEOCOMPOTX>
    <SEOCOMPOTX>
     <CMPNAME>SEND_REJECTION_EMAIL</CMPNAME>
     <LANGU>E</LANGU>
     <DESCRIPT>sending Email for Rejection</DESCRIPT>
    </SEOCOMPOTX>
   </DESCRIPTIONS>
   <DESCRIPTIONS_SUB>
    <SEOSUBCOTX>
     <CMPNAME>CREATE_GR</CMPNAME>
     <SCONAME>GR_WF_HIST</SCONAME>
     <LANGU>E</LANGU>
     <DESCRIPT>GR -Workflow History</DESCRIPT>
    </SEOSUBCOTX>
    <SEOSUBCOTX>
     <CMPNAME>CREATE_GR</CMPNAME>
     <SCONAME>IS_MKPF</SCONAME>
     <LANGU>E</LANGU>
     <DESCRIPT>Header: Material Document</DESCRIPT>
    </SEOSUBCOTX>
    <SEOSUBCOTX>
     <CMPNAME>CREATE_GR</CMPNAME>
     <SCONAME>IT_MSEG</SCONAME>
     <LANGU>E</LANGU>
     <DESCRIPT>Table MSEG</DESCRIPT>
    </SEOSUBCOTX>
    <SEOSUBCOTX>
     <CMPNAME>CREATE_GR</CMPNAME>
     <SCONAME>MAT_GROUP</SCONAME>
     <LANGU>E</LANGU>
     <DESCRIPT>Material Group</DESCRIPT>
    </SEOSUBCOTX>
    <SEOSUBCOTX>
     <CMPNAME>CREATE_GR</CMPNAME>
     <SCONAME>MBLNR</SCONAME>
     <LANGU>E</LANGU>
     <DESCRIPT>Number of Material Document</DESCRIPT>
    </SEOSUBCOTX>
    <SEOSUBCOTX>
     <CMPNAME>CREATE_GR</CMPNAME>
     <SCONAME>MJAHR</SCONAME>
     <LANGU>E</LANGU>
     <DESCRIPT>Material Document Year</DESCRIPT>
    </SEOSUBCOTX>
    <SEOSUBCOTX>
     <CMPNAME>SEND_CONFIRMATION_EMAIL</CMPNAME>
     <SCONAME>GR_WF_HIST</SCONAME>
     <LANGU>E</LANGU>
     <DESCRIPT>GR -Workflow History</DESCRIPT>
    </SEOSUBCOTX>
    <SEOSUBCOTX>
     <CMPNAME>SEND_CONFIRMATION_EMAIL</CMPNAME>
     <SCONAME>MKPF</SCONAME>
     <LANGU>E</LANGU>
     <DESCRIPT>Header: Material Document</DESCRIPT>
    </SEOSUBCOTX>
    <SEOSUBCOTX>
     <CMPNAME>SEND_CONFIRMATION_EMAIL</CMPNAME>
     <SCONAME>WF_INITIATOR</SCONAME>
     <LANGU>E</LANGU>
     <DESCRIPT>Initiator of workflow instance</DESCRIPT>
    </SEOSUBCOTX>
    <SEOSUBCOTX>
     <CMPNAME>SEND_REJECTION_EMAIL</CMPNAME>
     <SCONAME>MKPF</SCONAME>
     <LANGU>E</LANGU>
     <DESCRIPT>Header: Material Document</DESCRIPT>
    </SEOSUBCOTX>
    <SEOSUBCOTX>
     <CMPNAME>SEND_REJECTION_EMAIL</CMPNAME>
     <SCONAME>WF_INITIATOR</SCONAME>
     <LANGU>E</LANGU>
     <DESCRIPT>Initiator of workflow instance</DESCRIPT>
    </SEOSUBCOTX>
    <SEOSUBCOTX>
     <CMPNAME>SEND_REJECTION_EMAIL</CMPNAME>
     <SCONAME>WI_ID</SCONAME>
     <LANGU>E</LANGU>
     <DESCRIPT>Work item ID</DESCRIPT>
    </SEOSUBCOTX>
   </DESCRIPTIONS_SUB>
  </asx:values>
 </asx:abap>
</abapGit>
