﻿<?xml version="1.0" encoding="utf-8"?>
<abapGit version="v1.0.0" serializer="LCL_OBJECT_CLAS" serializer_version="v1.0.0">
 <asx:abap xmlns:asx="http://www.sap.com/abapxml" version="1.0">
  <asx:values>
   <VSEOCLASS>
    <CLSNAME>ZCL_IM_MB_MIGO_ITEM_BADI</CLSNAME>
    <LANGU>E</LANGU>
    <DESCRIPT>Imp. class for BAdI imp. ZMB_MIGO_ITEM_BADI</DESCRIPT>
    <STATE>1</STATE>
    <CLSCCINCL>X</CLSCCINCL>
    <FIXPT>X</FIXPT>
    <UNICODE>X</UNICODE>
   </VSEOCLASS>
   <DESCRIPTIONS>
    <SEOCOMPOTX>
     <CMPNAME>GI_PLANT_AUTHORIZATION_CHECK</CMPNAME>
     <LANGU>E</LANGU>
     <DESCRIPT>Authorization Check against Plant</DESCRIPT>
    </SEOCOMPOTX>
    <SEOCOMPOTX>
     <CMPNAME>PLANT_AUTHORIZATION_CHECK</CMPNAME>
     <LANGU>E</LANGU>
     <DESCRIPT>Authorization Check against Plant</DESCRIPT>
    </SEOCOMPOTX>
    <SEOCOMPOTX>
     <CMPNAME>VALIDATION_IR_QUANTITY</CMPNAME>
     <LANGU>E</LANGU>
     <DESCRIPT>Validate IR data based on zfiatir table</DESCRIPT>
    </SEOCOMPOTX>
    <SEOCOMPOTX>
     <CMPNAME>VALIDATION_IR_WF_APPROVAL</CMPNAME>
     <LANGU>E</LANGU>
     <DESCRIPT>Validation for IR Approval Process</DESCRIPT>
    </SEOCOMPOTX>
   </DESCRIPTIONS>
   <DESCRIPTIONS_SUB>
    <SEOSUBCOTX>
     <CMPNAME>GI_PLANT_AUTHORIZATION_CHECK</CMPNAME>
     <SCONAME>ET_RETURN</SCONAME>
     <LANGU>E</LANGU>
     <DESCRIPT>Return Messages</DESCRIPT>
    </SEOSUBCOTX>
    <SEOSUBCOTX>
     <CMPNAME>GI_PLANT_AUTHORIZATION_CHECK</CMPNAME>
     <SCONAME>E_ITEM_TEXT</SCONAME>
     <LANGU>E</LANGU>
     <DESCRIPT>Item Text</DESCRIPT>
    </SEOSUBCOTX>
    <SEOSUBCOTX>
     <CMPNAME>GI_PLANT_AUTHORIZATION_CHECK</CMPNAME>
     <SCONAME>E_STGE_LOC</SCONAME>
     <LANGU>E</LANGU>
     <DESCRIPT>Storage Location</DESCRIPT>
    </SEOSUBCOTX>
    <SEOSUBCOTX>
     <CMPNAME>GI_PLANT_AUTHORIZATION_CHECK</CMPNAME>
     <SCONAME>IS_GOHEAD</SCONAME>
     <LANGU>E</LANGU>
     <DESCRIPT>MMIM Enjoy: Header Data</DESCRIPT>
    </SEOSUBCOTX>
    <SEOSUBCOTX>
     <CMPNAME>GI_PLANT_AUTHORIZATION_CHECK</CMPNAME>
     <SCONAME>IS_GOITEM</SCONAME>
     <LANGU>E</LANGU>
     <DESCRIPT>MMIM Enjoy: Item Data</DESCRIPT>
    </SEOSUBCOTX>
    <SEOSUBCOTX>
     <CMPNAME>PLANT_AUTHORIZATION_CHECK</CMPNAME>
     <SCONAME>ET_RETURN</SCONAME>
     <LANGU>E</LANGU>
     <DESCRIPT>Return Messages</DESCRIPT>
    </SEOSUBCOTX>
    <SEOSUBCOTX>
     <CMPNAME>PLANT_AUTHORIZATION_CHECK</CMPNAME>
     <SCONAME>E_ITEM_TEXT</SCONAME>
     <LANGU>E</LANGU>
     <DESCRIPT>Item Text</DESCRIPT>
    </SEOSUBCOTX>
    <SEOSUBCOTX>
     <CMPNAME>PLANT_AUTHORIZATION_CHECK</CMPNAME>
     <SCONAME>E_STGE_LOC</SCONAME>
     <LANGU>E</LANGU>
     <DESCRIPT>Storage Location</DESCRIPT>
    </SEOSUBCOTX>
    <SEOSUBCOTX>
     <CMPNAME>PLANT_AUTHORIZATION_CHECK</CMPNAME>
     <SCONAME>IS_GOHEAD</SCONAME>
     <LANGU>E</LANGU>
     <DESCRIPT>MMIM Enjoy: Header Data</DESCRIPT>
    </SEOSUBCOTX>
    <SEOSUBCOTX>
     <CMPNAME>PLANT_AUTHORIZATION_CHECK</CMPNAME>
     <SCONAME>IS_GOITEM</SCONAME>
     <LANGU>E</LANGU>
     <DESCRIPT>MMIM Enjoy: Item Data</DESCRIPT>
    </SEOSUBCOTX>
    <SEOSUBCOTX>
     <CMPNAME>VALIDATION_IR_QUANTITY</CMPNAME>
     <SCONAME>ET_RETURN</SCONAME>
     <LANGU>E</LANGU>
     <DESCRIPT>Table Type with Structure BAPIRET2</DESCRIPT>
    </SEOSUBCOTX>
    <SEOSUBCOTX>
     <CMPNAME>VALIDATION_IR_QUANTITY</CMPNAME>
     <SCONAME>E_ITEM_TEXT</SCONAME>
     <LANGU>E</LANGU>
     <DESCRIPT>Item Text</DESCRIPT>
    </SEOSUBCOTX>
    <SEOSUBCOTX>
     <CMPNAME>VALIDATION_IR_QUANTITY</CMPNAME>
     <SCONAME>E_STGE_LOC</SCONAME>
     <LANGU>E</LANGU>
     <DESCRIPT>Storage location</DESCRIPT>
    </SEOSUBCOTX>
    <SEOSUBCOTX>
     <CMPNAME>VALIDATION_IR_QUANTITY</CMPNAME>
     <SCONAME>IS_GOHEAD</SCONAME>
     <LANGU>E</LANGU>
     <DESCRIPT>MMIM Enjoy:  Header Data</DESCRIPT>
    </SEOSUBCOTX>
    <SEOSUBCOTX>
     <CMPNAME>VALIDATION_IR_QUANTITY</CMPNAME>
     <SCONAME>IS_GOITEM</SCONAME>
     <LANGU>E</LANGU>
     <DESCRIPT>MMIM Enjoy: Item Data</DESCRIPT>
    </SEOSUBCOTX>
    <SEOSUBCOTX>
     <CMPNAME>VALIDATION_IR_WF_APPROVAL</CMPNAME>
     <SCONAME>ET_RETURN</SCONAME>
     <LANGU>E</LANGU>
     <DESCRIPT>Return Messages</DESCRIPT>
    </SEOSUBCOTX>
    <SEOSUBCOTX>
     <CMPNAME>VALIDATION_IR_WF_APPROVAL</CMPNAME>
     <SCONAME>E_ITEM_TEXT</SCONAME>
     <LANGU>E</LANGU>
     <DESCRIPT>Item Text</DESCRIPT>
    </SEOSUBCOTX>
    <SEOSUBCOTX>
     <CMPNAME>VALIDATION_IR_WF_APPROVAL</CMPNAME>
     <SCONAME>E_STGE_LOC</SCONAME>
     <LANGU>E</LANGU>
     <DESCRIPT>Storage Location</DESCRIPT>
    </SEOSUBCOTX>
    <SEOSUBCOTX>
     <CMPNAME>VALIDATION_IR_WF_APPROVAL</CMPNAME>
     <SCONAME>IS_GOHEAD</SCONAME>
     <LANGU>E</LANGU>
     <DESCRIPT>MMIM Enjoy: Header Data</DESCRIPT>
    </SEOSUBCOTX>
    <SEOSUBCOTX>
     <CMPNAME>VALIDATION_IR_WF_APPROVAL</CMPNAME>
     <SCONAME>IS_GOITEM</SCONAME>
     <LANGU>E</LANGU>
     <DESCRIPT>MMIM Enjoy: Item Data</DESCRIPT>
    </SEOSUBCOTX>
   </DESCRIPTIONS_SUB>
  </asx:values>
 </asx:abap>
</abapGit>
