﻿<?xml version="1.0" encoding="utf-8"?>
<abapGit version="v1.0.0" serializer="LCL_OBJECT_ENHO" serializer_version="v1.0.0">
 <asx:abap xmlns:asx="http://www.sap.com/abapxml" version="1.0">
  <asx:values>
   <TOOL>HOOK_IMPL</TOOL>
   <SHORTTEXT>READ_PO_DETAILS Update</SHORTTEXT>
   <ORIGINAL_OBJECT>
    <PGMID>R3TR</PGMID>
    <ORG_OBJ_TYPE>CLAS</ORG_OBJ_TYPE>
    <ORG_OBJ_NAME>CL_ARBERP_BUS2012_ORDR_OUT</ORG_OBJ_NAME>
    <ORG_MAIN_TYPE>CLAS</ORG_MAIN_TYPE>
    <ORG_MAIN_NAME>CL_ARBERP_BUS2012_ORDR_OUT</ORG_MAIN_NAME>
    <PROGRAMNAME>CL_ARBERP_BUS2012_ORDR_OUT====CP</PROGRAMNAME>
   </ORIGINAL_OBJECT>
   <ENHANCEMENTS>
    <ENH_HOOK_IMPL>
     <PROGRAMNAME>CL_ARBERP_BUS2012_ORDR_OUT====CP</PROGRAMNAME>
     <ENHMODE>D</ENHMODE>
     <FULL_NAME>\TY:CL_ARBERP_BUS2012_ORDR_OUT\ME:READ_PO_DETAILS\SE:END\EI</FULL_NAME>
    </ENH_HOOK_IMPL>
   </ENHANCEMENTS>
   <FILES>
    <item>
     <NAME>\TY:CL_ARBERP_BUS2012_ORDR_OUT\ME:READ_PO_DETAILS\SE:END\EI</NAME>
     <FILE>34c0ade1</FILE>
    </item>
   </FILES>
   <SOTR>
    <item>
     <HEADER>
      <CONCEPT>00163E568DB11ED8ABB72B197D7797DA</CONCEPT>
      <CREA_LAN>E</CREA_LAN>
      <TRALA_TYPE>1</TRALA_TYPE>
      <OBJID_VEC>AAI=</OBJID_VEC>
     </HEADER>
     <ENTRIES>
      <SOTR_TEXT>
       <CONCEPT>00163E568DB11ED8ABB72B197D7797DA</CONCEPT>
       <LANGU>E</LANGU>
       <LFD_NUM>0001</LFD_NUM>
       <FLAG_CNTXT>X</FLAG_CNTXT>
       <STATUS>R</STATUS>
       <LENGTH>033</LENGTH>
       <TEXT>READ_PO_DETAILS Update</TEXT>
      </SOTR_TEXT>
     </ENTRIES>
    </item>
   </SOTR>
   <SOTR_USE>
    <SOTR_USE>
     <PGMID>R3TR</PGMID>
     <OBJECT>ENHO</OBJECT>
     <OBJ_NAME>ZCL_ARBERP_BUS2012_ORDR_OUT</OBJ_NAME>
     <CONCEPT>00163E568DB11ED8ABB72B197D7797DA</CONCEPT>
     <LFD_NUM>0001</LFD_NUM>
    </SOTR_USE>
   </SOTR_USE>
  </asx:values>
 </asx:abap>
</abapGit>
