﻿<?xml version="1.0" encoding="utf-8"?>
<abapGit version="v1.0.0" serializer="LCL_OBJECT_CLAS" serializer_version="v1.0.0">
 <asx:abap xmlns:asx="http://www.sap.com/abapxml" version="1.0">
  <asx:values>
   <VSEOCLASS>
    <CLSNAME>ZCL_MM_WF_PR_APPROVAL_NOTIFY</CLSNAME>
    <LANGU>E</LANGU>
    <DESCRIPT>PR Approval Status Notification</DESCRIPT>
    <STATE>1</STATE>
    <CLSCCINCL>X</CLSCCINCL>
    <FIXPT>X</FIXPT>
    <UNICODE>X</UNICODE>
   </VSEOCLASS>
   <TPOOL>
    <item>
     <ID>I</ID>
     <KEY>001</KEY>
     <ENTRY>Errors occurred.</ENTRY>
     <LENGTH>26</LENGTH>
    </item>
    <item>
     <ID>I</ID>
     <KEY>002</KEY>
     <ENTRY>Error Type</ENTRY>
     <LENGTH>20</LENGTH>
    </item>
    <item>
     <ID>I</ID>
     <KEY>003</KEY>
     <ENTRY>Document was sent.</ENTRY>
     <LENGTH>28</LENGTH>
    </item>
   </TPOOL>
   <DESCRIPTIONS>
    <SEOCOMPOTX>
     <CMPNAME>CHECK_RELEASE_STATUS</CMPNAME>
     <LANGU>E</LANGU>
     <DESCRIPT>Check Release status</DESCRIPT>
    </SEOCOMPOTX>
    <SEOCOMPOTX>
     <CMPNAME>CREATE_GI</CMPNAME>
     <LANGU>E</LANGU>
     <DESCRIPT>Create MIGO GI-Goods Issue</DESCRIPT>
    </SEOCOMPOTX>
    <SEOCOMPOTX>
     <CMPNAME>SEND_PR_REJECTION_EMAIL</CMPNAME>
     <LANGU>E</LANGU>
     <DESCRIPT>sending Email for Rejection</DESCRIPT>
    </SEOCOMPOTX>
    <SEOCOMPOTX>
     <CMPNAME>SEND_PR_RELEASED_EMAIL</CMPNAME>
     <LANGU>E</LANGU>
     <DESCRIPT>Send EMail for Confirmation</DESCRIPT>
    </SEOCOMPOTX>
    <SEOCOMPOTX>
     <CMPNAME>SEND_PR_REL_STATUS_NOTIFY</CMPNAME>
     <LANGU>E</LANGU>
     <DESCRIPT>Sending PO&apos;s Release Notification</DESCRIPT>
    </SEOCOMPOTX>
   </DESCRIPTIONS>
   <DESCRIPTIONS_SUB>
    <SEOSUBCOTX>
     <CMPNAME>CHECK_RELEASE_STATUS</CMPNAME>
     <SCONAME>BANFN</SCONAME>
     <LANGU>E</LANGU>
     <DESCRIPT>Purchase Requisition Number</DESCRIPT>
    </SEOSUBCOTX>
    <SEOSUBCOTX>
     <CMPNAME>CHECK_RELEASE_STATUS</CMPNAME>
     <SCONAME>BNFPO</SCONAME>
     <LANGU>E</LANGU>
     <DESCRIPT>Item number of purchase requisition</DESCRIPT>
    </SEOSUBCOTX>
    <SEOSUBCOTX>
     <CMPNAME>CHECK_RELEASE_STATUS</CMPNAME>
     <SCONAME>RELEASE_COMPLETELY</SCONAME>
     <LANGU>E</LANGU>
     <DESCRIPT>Single-Character Flag</DESCRIPT>
    </SEOSUBCOTX>
    <SEOSUBCOTX>
     <CMPNAME>CREATE_GI</CMPNAME>
     <SCONAME>ESCALATION_TOTAL_LEVEL</SCONAME>
     <LANGU>E</LANGU>
     <DESCRIPT>Approval Level</DESCRIPT>
    </SEOSUBCOTX>
    <SEOSUBCOTX>
     <CMPNAME>CREATE_GI</CMPNAME>
     <SCONAME>GI_WF_HIST</SCONAME>
     <LANGU>E</LANGU>
     <DESCRIPT>GI -Workflow History</DESCRIPT>
    </SEOSUBCOTX>
    <SEOSUBCOTX>
     <CMPNAME>CREATE_GI</CMPNAME>
     <SCONAME>IS_MKPF</SCONAME>
     <LANGU>E</LANGU>
     <DESCRIPT>Header: Material Document</DESCRIPT>
    </SEOSUBCOTX>
    <SEOSUBCOTX>
     <CMPNAME>CREATE_GI</CMPNAME>
     <SCONAME>IT_MSEG</SCONAME>
     <LANGU>E</LANGU>
     <DESCRIPT>Table MSEG</DESCRIPT>
    </SEOSUBCOTX>
    <SEOSUBCOTX>
     <CMPNAME>CREATE_GI</CMPNAME>
     <SCONAME>RSNUM</SCONAME>
     <LANGU>E</LANGU>
     <DESCRIPT>Number of reservation/dependent requirements</DESCRIPT>
    </SEOSUBCOTX>
    <SEOSUBCOTX>
     <CMPNAME>SEND_PR_REJECTION_EMAIL</CMPNAME>
     <SCONAME>PO_CREATE_USERID</SCONAME>
     <LANGU>E</LANGU>
     <DESCRIPT>User Name</DESCRIPT>
    </SEOSUBCOTX>
    <SEOSUBCOTX>
     <CMPNAME>SEND_PR_REJECTION_EMAIL</CMPNAME>
     <SCONAME>WF_INITIATOR</SCONAME>
     <LANGU>E</LANGU>
     <DESCRIPT>Initiator of workflow instance</DESCRIPT>
    </SEOSUBCOTX>
    <SEOSUBCOTX>
     <CMPNAME>SEND_PR_RELEASED_EMAIL</CMPNAME>
     <SCONAME>BANFN</SCONAME>
     <LANGU>E</LANGU>
     <DESCRIPT>Purchase Requisition Number</DESCRIPT>
    </SEOSUBCOTX>
    <SEOSUBCOTX>
     <CMPNAME>SEND_PR_RELEASED_EMAIL</CMPNAME>
     <SCONAME>BNFPO</SCONAME>
     <LANGU>E</LANGU>
     <DESCRIPT>Item number of purchase requisition</DESCRIPT>
    </SEOSUBCOTX>
    <SEOSUBCOTX>
     <CMPNAME>SEND_PR_RELEASED_EMAIL</CMPNAME>
     <SCONAME>PO_CREATE_USERID</SCONAME>
     <LANGU>E</LANGU>
     <DESCRIPT>User Name</DESCRIPT>
    </SEOSUBCOTX>
    <SEOSUBCOTX>
     <CMPNAME>SEND_PR_RELEASED_EMAIL</CMPNAME>
     <SCONAME>WF_INITIATOR</SCONAME>
     <LANGU>E</LANGU>
     <DESCRIPT>Initiator of workflow instance</DESCRIPT>
    </SEOSUBCOTX>
    <SEOSUBCOTX>
     <CMPNAME>SEND_PR_REL_STATUS_NOTIFY</CMPNAME>
     <SCONAME>EVENT_NAME</SCONAME>
     <LANGU>E</LANGU>
     <DESCRIPT>Event of an Object</DESCRIPT>
    </SEOSUBCOTX>
    <SEOSUBCOTX>
     <CMPNAME>SEND_PR_REL_STATUS_NOTIFY</CMPNAME>
     <SCONAME>EVENT_OBJKEY</SCONAME>
     <LANGU>E</LANGU>
     <DESCRIPT>Character value</DESCRIPT>
    </SEOSUBCOTX>
    <SEOSUBCOTX>
     <CMPNAME>SEND_PR_REL_STATUS_NOTIFY</CMPNAME>
     <SCONAME>WF_INITIATOR</SCONAME>
     <LANGU>E</LANGU>
     <DESCRIPT>Initiator of workflow instance</DESCRIPT>
    </SEOSUBCOTX>
   </DESCRIPTIONS_SUB>
  </asx:values>
 </asx:abap>
</abapGit>
