﻿<?xml version="1.0" encoding="utf-8"?>
<abapGit version="v1.0.0" serializer="LCL_OBJECT_CLAS" serializer_version="v1.0.0">
 <asx:abap xmlns:asx="http://www.sap.com/abapxml" version="1.0">
  <asx:values>
   <VSEOCLASS>
    <CLSNAME>ZCL_MM_WI_EXIT_PR_OVERALL</CLSNAME>
    <LANGU>E</LANGU>
    <DESCRIPT>PR Release Overall-Work Item Exit</DESCRIPT>
    <STATE>1</STATE>
    <CLSCCINCL>X</CLSCCINCL>
    <FIXPT>X</FIXPT>
    <UNICODE>X</UNICODE>
   </VSEOCLASS>
   <DESCRIPTIONS>
    <SEOCOMPOTX>
     <CMPNAME>AFTER_WI_RULE_EXEC</CMPNAME>
     <LANGU>E</LANGU>
     <DESCRIPT>After WI Creation</DESCRIPT>
    </SEOCOMPOTX>
    <SEOCOMPOTX>
     <CMPNAME>GET_PR_OUTPUT_PDF</CMPNAME>
     <LANGU>E</LANGU>
     <DESCRIPT>GET GR&apos;s Output for attachement</DESCRIPT>
    </SEOCOMPOTX>
    <SEOCOMPOTX>
     <CMPNAME>PROCESS_STATUS</CMPNAME>
     <LANGU>E</LANGU>
     <DESCRIPT>Process Status</DESCRIPT>
    </SEOCOMPOTX>
    <SEOCOMPOTX>
     <CMPNAME>SENDING_PR_EMAIL</CMPNAME>
     <LANGU>E</LANGU>
     <DESCRIPT>Sending Email</DESCRIPT>
    </SEOCOMPOTX>
    <SEOCOMPOTX>
     <CMPNAME>WI_CONTEXT</CMPNAME>
     <LANGU>E</LANGU>
     <DESCRIPT>Context for Work Item</DESCRIPT>
    </SEOCOMPOTX>
   </DESCRIPTIONS>
   <DESCRIPTIONS_SUB>
    <SEOSUBCOTX>
     <CMPNAME>GET_PR_OUTPUT_PDF</CMPNAME>
     <SCONAME>BANFN</SCONAME>
     <LANGU>E</LANGU>
     <DESCRIPT>Purchase Requisition Number</DESCRIPT>
    </SEOSUBCOTX>
    <SEOSUBCOTX>
     <CMPNAME>GET_PR_OUTPUT_PDF</CMPNAME>
     <SCONAME>BNFPO</SCONAME>
     <LANGU>E</LANGU>
     <DESCRIPT>Item number of purchase requisition</DESCRIPT>
    </SEOSUBCOTX>
    <SEOSUBCOTX>
     <CMPNAME>GET_PR_OUTPUT_PDF</CMPNAME>
     <SCONAME>ET_PDF_CONTENT</SCONAME>
     <LANGU>E</LANGU>
     <DESCRIPT>GBT: SOLIX as Table Type</DESCRIPT>
    </SEOSUBCOTX>
    <SEOSUBCOTX>
     <CMPNAME>GET_PR_OUTPUT_PDF</CMPNAME>
     <SCONAME>EV_PDF_SIZE</SCONAME>
     <LANGU>E</LANGU>
     <DESCRIPT>Size of Document Content</DESCRIPT>
    </SEOSUBCOTX>
    <SEOSUBCOTX>
     <CMPNAME>SENDING_PR_EMAIL</CMPNAME>
     <SCONAME>BANFN</SCONAME>
     <LANGU>E</LANGU>
     <DESCRIPT>Purchase Requisition Number</DESCRIPT>
    </SEOSUBCOTX>
    <SEOSUBCOTX>
     <CMPNAME>SENDING_PR_EMAIL</CMPNAME>
     <SCONAME>BNFPO</SCONAME>
     <LANGU>E</LANGU>
     <DESCRIPT>Item number of purchase requisition</DESCRIPT>
    </SEOSUBCOTX>
    <SEOSUBCOTX>
     <CMPNAME>SENDING_PR_EMAIL</CMPNAME>
     <SCONAME>FRGCO</SCONAME>
     <LANGU>E</LANGU>
     <DESCRIPT>Release code</DESCRIPT>
    </SEOSUBCOTX>
    <SEOSUBCOTX>
     <CMPNAME>SENDING_PR_EMAIL</CMPNAME>
     <SCONAME>FRGGR</SCONAME>
     <LANGU>E</LANGU>
     <DESCRIPT>Release group</DESCRIPT>
    </SEOSUBCOTX>
    <SEOSUBCOTX>
     <CMPNAME>SENDING_PR_EMAIL</CMPNAME>
     <SCONAME>FRGSX</SCONAME>
     <LANGU>E</LANGU>
     <DESCRIPT>Release Strategy</DESCRIPT>
    </SEOSUBCOTX>
    <SEOSUBCOTX>
     <CMPNAME>SENDING_PR_EMAIL</CMPNAME>
     <SCONAME>USERID</SCONAME>
     <LANGU>E</LANGU>
     <DESCRIPT>User Name</DESCRIPT>
    </SEOSUBCOTX>
    <SEOSUBCOTX>
     <CMPNAME>SENDING_PR_EMAIL</CMPNAME>
     <SCONAME>WI_ID</SCONAME>
     <LANGU>E</LANGU>
     <DESCRIPT>Work item ID</DESCRIPT>
    </SEOSUBCOTX>
   </DESCRIPTIONS_SUB>
  </asx:values>
 </asx:abap>
</abapGit>
