﻿<?xml version="1.0" encoding="utf-8"?>
<abapGit version="v1.0.0" serializer="LCL_OBJECT_CLAS" serializer_version="v1.0.0">
 <asx:abap xmlns:asx="http://www.sap.com/abapxml" version="1.0">
  <asx:values>
   <VSEOCLASS>
    <CLSNAME>ZCL_IM_MB_MIGO_BADI</CLSNAME>
    <LANGU>E</LANGU>
    <DESCRIPT>Imp. class for BAdI imp. ZIM_MB_MIGO_BADI</DESCRIPT>
    <STATE>1</STATE>
    <CLSCCINCL>X</CLSCCINCL>
    <FIXPT>X</FIXPT>
    <UNICODE>X</UNICODE>
   </VSEOCLASS>
   <DESCRIPTIONS>
    <SEOCOMPOTX>
     <CMPNAME>CLOSE_IR</CMPNAME>
     <LANGU>E</LANGU>
     <DESCRIPT>Close IR if there are no open quantity</DESCRIPT>
    </SEOCOMPOTX>
    <SEOCOMPOTX>
     <CMPNAME>GT_RETURN</CMPNAME>
     <LANGU>E</LANGU>
     <DESCRIPT>Table Type with Structure BAPIRET2</DESCRIPT>
    </SEOCOMPOTX>
    <SEOCOMPOTX>
     <CMPNAME>GV_ACTION</CMPNAME>
     <LANGU>E</LANGU>
     <DESCRIPT>Executable Action in Transaction MIGO</DESCRIPT>
    </SEOCOMPOTX>
    <SEOCOMPOTX>
     <CMPNAME>GV_REFDOC</CMPNAME>
     <LANGU>E</LANGU>
     <DESCRIPT>Reference Document for MIGO Transaction</DESCRIPT>
    </SEOCOMPOTX>
    <SEOCOMPOTX>
     <CMPNAME>TRIGGER_WF_GI_CONFIRMATION</CMPNAME>
     <LANGU>E</LANGU>
     <DESCRIPT>Trigger WF for GI Comfirmation</DESCRIPT>
    </SEOCOMPOTX>
    <SEOCOMPOTX>
     <CMPNAME>TRIGGER_WF_GR_INSPECTION</CMPNAME>
     <LANGU>E</LANGU>
     <DESCRIPT>Trigger WF for GR Inspection</DESCRIPT>
    </SEOCOMPOTX>
   </DESCRIPTIONS>
   <DESCRIPTIONS_SUB>
    <SEOSUBCOTX>
     <CMPNAME>CLOSE_IR</CMPNAME>
     <SCONAME>IS_MKPF</SCONAME>
     <LANGU>E</LANGU>
     <DESCRIPT>Header: Material Document</DESCRIPT>
    </SEOSUBCOTX>
    <SEOSUBCOTX>
     <CMPNAME>CLOSE_IR</CMPNAME>
     <SCONAME>IT_MSEG</SCONAME>
     <LANGU>E</LANGU>
     <DESCRIPT>Table MSEG</DESCRIPT>
    </SEOSUBCOTX>
    <SEOSUBCOTX>
     <CMPNAME>TRIGGER_WF_GI_CONFIRMATION</CMPNAME>
     <SCONAME>IS_MKPF</SCONAME>
     <LANGU>E</LANGU>
     <DESCRIPT>Structure MKPF</DESCRIPT>
    </SEOSUBCOTX>
    <SEOSUBCOTX>
     <CMPNAME>TRIGGER_WF_GI_CONFIRMATION</CMPNAME>
     <SCONAME>IT_MSEG</SCONAME>
     <LANGU>E</LANGU>
     <DESCRIPT>Table MSEG</DESCRIPT>
    </SEOSUBCOTX>
    <SEOSUBCOTX>
     <CMPNAME>TRIGGER_WF_GR_INSPECTION</CMPNAME>
     <SCONAME>IS_MKPF</SCONAME>
     <LANGU>E</LANGU>
     <DESCRIPT>Structure MKPF</DESCRIPT>
    </SEOSUBCOTX>
    <SEOSUBCOTX>
     <CMPNAME>TRIGGER_WF_GR_INSPECTION</CMPNAME>
     <SCONAME>IT_MSEG</SCONAME>
     <LANGU>E</LANGU>
     <DESCRIPT>Table MSEG</DESCRIPT>
    </SEOSUBCOTX>
   </DESCRIPTIONS_SUB>
  </asx:values>
 </asx:abap>
</abapGit>
