﻿<?xml version="1.0" encoding="utf-8"?>
<abapGit version="v1.0.0" serializer="LCL_OBJECT_CLAS" serializer_version="v1.0.0">
 <asx:abap xmlns:asx="http://www.sap.com/abapxml" version="1.0">
  <asx:values>
   <VSEOCLASS>
    <CLSNAME>ZCL_ZMB21_SERVICE_DPC</CLSNAME>
    <LANGU>E</LANGU>
    <DESCRIPT>Data Provider Base Class</DESCRIPT>
    <STATE>1</STATE>
    <CLSCCINCL>X</CLSCCINCL>
    <FIXPT>X</FIXPT>
    <UNICODE>X</UNICODE>
   </VSEOCLASS>
   <DESCRIPTIONS>
    <SEOCOMPOTX>
     <CMPNAME>BAPI2093_RES_HEA_CREATE_ENTITY</CMPNAME>
     <LANGU>E</LANGU>
     <DESCRIPT>Related EntitySet Name: BAPI2093_RES_HEADSet</DESCRIPT>
    </SEOCOMPOTX>
    <SEOCOMPOTX>
     <CMPNAME>BAPI2093_RES_HEA_DELETE_ENTITY</CMPNAME>
     <LANGU>E</LANGU>
     <DESCRIPT>Related EntitySet Name: BAPI2093_RES_HEADSet</DESCRIPT>
    </SEOCOMPOTX>
    <SEOCOMPOTX>
     <CMPNAME>BAPI2093_RES_HEA_GET_ENTITY</CMPNAME>
     <LANGU>E</LANGU>
     <DESCRIPT>Related EntitySet Name: BAPI2093_RES_HEADSet</DESCRIPT>
    </SEOCOMPOTX>
    <SEOCOMPOTX>
     <CMPNAME>BAPI2093_RES_HEA_GET_ENTITYSET</CMPNAME>
     <LANGU>E</LANGU>
     <DESCRIPT>Related EntitySet Name: BAPI2093_RES_HEADSet</DESCRIPT>
    </SEOCOMPOTX>
    <SEOCOMPOTX>
     <CMPNAME>BAPI2093_RES_HEA_UPDATE_ENTITY</CMPNAME>
     <LANGU>E</LANGU>
     <DESCRIPT>Related EntitySet Name: BAPI2093_RES_HEADSet</DESCRIPT>
    </SEOCOMPOTX>
    <SEOCOMPOTX>
     <CMPNAME>BAPI2093_RES_ITE_CREATE_ENTITY</CMPNAME>
     <LANGU>E</LANGU>
     <DESCRIPT>Related EntitySet Name: BAPI2093_RES_ITEMSet</DESCRIPT>
    </SEOCOMPOTX>
    <SEOCOMPOTX>
     <CMPNAME>BAPI2093_RES_ITE_DELETE_ENTITY</CMPNAME>
     <LANGU>E</LANGU>
     <DESCRIPT>Related EntitySet Name: BAPI2093_RES_ITEMSet</DESCRIPT>
    </SEOCOMPOTX>
    <SEOCOMPOTX>
     <CMPNAME>BAPI2093_RES_ITE_GET_ENTITY</CMPNAME>
     <LANGU>E</LANGU>
     <DESCRIPT>Related EntitySet Name: BAPI2093_RES_ITEMSet</DESCRIPT>
    </SEOCOMPOTX>
    <SEOCOMPOTX>
     <CMPNAME>BAPI2093_RES_ITE_GET_ENTITYSET</CMPNAME>
     <LANGU>E</LANGU>
     <DESCRIPT>Related EntitySet Name: BAPI2093_RES_ITEMSet</DESCRIPT>
    </SEOCOMPOTX>
    <SEOCOMPOTX>
     <CMPNAME>BAPI2093_RES_ITE_UPDATE_ENTITY</CMPNAME>
     <LANGU>E</LANGU>
     <DESCRIPT>Related EntitySet Name: BAPI2093_RES_ITEMSet</DESCRIPT>
    </SEOCOMPOTX>
   </DESCRIPTIONS>
   <DESCRIPTIONS_SUB>
    <SEOSUBCOTX>
     <CMPNAME>BAPI2093_RES_HEA_CREATE_ENTITY</CMPNAME>
     <SCONAME>/IWBEP/CX_MGW_BUSI_EXCEPTION</SCONAME>
     <LANGU>E</LANGU>
     <DESCRIPT>business exception in mgw</DESCRIPT>
    </SEOSUBCOTX>
    <SEOSUBCOTX>
     <CMPNAME>BAPI2093_RES_HEA_CREATE_ENTITY</CMPNAME>
     <SCONAME>/IWBEP/CX_MGW_TECH_EXCEPTION</SCONAME>
     <LANGU>E</LANGU>
     <DESCRIPT>mgw technical exception</DESCRIPT>
    </SEOSUBCOTX>
    <SEOSUBCOTX>
     <CMPNAME>BAPI2093_RES_HEA_CREATE_ENTITY</CMPNAME>
     <SCONAME>ER_ENTITY</SCONAME>
     <LANGU>E</LANGU>
     <DESCRIPT>Returning data</DESCRIPT>
    </SEOSUBCOTX>
    <SEOSUBCOTX>
     <CMPNAME>BAPI2093_RES_HEA_CREATE_ENTITY</CMPNAME>
     <SCONAME>IO_DATA_PROVIDER</SCONAME>
     <LANGU>E</LANGU>
     <DESCRIPT>MGW Entry Data Provider</DESCRIPT>
    </SEOSUBCOTX>
    <SEOSUBCOTX>
     <CMPNAME>BAPI2093_RES_HEA_CREATE_ENTITY</CMPNAME>
     <SCONAME>IT_KEY_TAB</SCONAME>
     <LANGU>E</LANGU>
     <DESCRIPT>table for name value pairs</DESCRIPT>
    </SEOSUBCOTX>
    <SEOSUBCOTX>
     <CMPNAME>BAPI2093_RES_HEA_CREATE_ENTITY</CMPNAME>
     <SCONAME>IT_NAVIGATION_PATH</SCONAME>
     <LANGU>E</LANGU>
     <DESCRIPT>table of navigation paths</DESCRIPT>
    </SEOSUBCOTX>
    <SEOSUBCOTX>
     <CMPNAME>BAPI2093_RES_HEA_DELETE_ENTITY</CMPNAME>
     <SCONAME>/IWBEP/CX_MGW_BUSI_EXCEPTION</SCONAME>
     <LANGU>E</LANGU>
     <DESCRIPT>business exception in mgw</DESCRIPT>
    </SEOSUBCOTX>
    <SEOSUBCOTX>
     <CMPNAME>BAPI2093_RES_HEA_DELETE_ENTITY</CMPNAME>
     <SCONAME>/IWBEP/CX_MGW_TECH_EXCEPTION</SCONAME>
     <LANGU>E</LANGU>
     <DESCRIPT>mgw technical exception</DESCRIPT>
    </SEOSUBCOTX>
    <SEOSUBCOTX>
     <CMPNAME>BAPI2093_RES_HEA_DELETE_ENTITY</CMPNAME>
     <SCONAME>IT_KEY_TAB</SCONAME>
     <LANGU>E</LANGU>
     <DESCRIPT>table for name value pairs</DESCRIPT>
    </SEOSUBCOTX>
    <SEOSUBCOTX>
     <CMPNAME>BAPI2093_RES_HEA_DELETE_ENTITY</CMPNAME>
     <SCONAME>IT_NAVIGATION_PATH</SCONAME>
     <LANGU>E</LANGU>
     <DESCRIPT>table of navigation paths</DESCRIPT>
    </SEOSUBCOTX>
    <SEOSUBCOTX>
     <CMPNAME>BAPI2093_RES_HEA_GET_ENTITY</CMPNAME>
     <SCONAME>/IWBEP/CX_MGW_BUSI_EXCEPTION</SCONAME>
     <LANGU>E</LANGU>
     <DESCRIPT>business exception in mgw</DESCRIPT>
    </SEOSUBCOTX>
    <SEOSUBCOTX>
     <CMPNAME>BAPI2093_RES_HEA_GET_ENTITY</CMPNAME>
     <SCONAME>/IWBEP/CX_MGW_TECH_EXCEPTION</SCONAME>
     <LANGU>E</LANGU>
     <DESCRIPT>mgw technical exception</DESCRIPT>
    </SEOSUBCOTX>
    <SEOSUBCOTX>
     <CMPNAME>BAPI2093_RES_HEA_GET_ENTITY</CMPNAME>
     <SCONAME>ER_ENTITY</SCONAME>
     <LANGU>E</LANGU>
     <DESCRIPT>Returning data</DESCRIPT>
    </SEOSUBCOTX>
    <SEOSUBCOTX>
     <CMPNAME>BAPI2093_RES_HEA_GET_ENTITY</CMPNAME>
     <SCONAME>IO_REQUEST_OBJECT</SCONAME>
     <LANGU>E</LANGU>
     <DESCRIPT>table of navigation paths</DESCRIPT>
    </SEOSUBCOTX>
    <SEOSUBCOTX>
     <CMPNAME>BAPI2093_RES_HEA_GET_ENTITY</CMPNAME>
     <SCONAME>IT_KEY_TAB</SCONAME>
     <LANGU>E</LANGU>
     <DESCRIPT>table for name value pairs</DESCRIPT>
    </SEOSUBCOTX>
    <SEOSUBCOTX>
     <CMPNAME>BAPI2093_RES_HEA_GET_ENTITY</CMPNAME>
     <SCONAME>IT_NAVIGATION_PATH</SCONAME>
     <LANGU>E</LANGU>
     <DESCRIPT>table of navigation paths</DESCRIPT>
    </SEOSUBCOTX>
    <SEOSUBCOTX>
     <CMPNAME>BAPI2093_RES_HEA_GET_ENTITYSET</CMPNAME>
     <SCONAME>/IWBEP/CX_MGW_BUSI_EXCEPTION</SCONAME>
     <LANGU>E</LANGU>
     <DESCRIPT>business exception in mgw</DESCRIPT>
    </SEOSUBCOTX>
    <SEOSUBCOTX>
     <CMPNAME>BAPI2093_RES_HEA_GET_ENTITYSET</CMPNAME>
     <SCONAME>/IWBEP/CX_MGW_TECH_EXCEPTION</SCONAME>
     <LANGU>E</LANGU>
     <DESCRIPT>mgw technical exception</DESCRIPT>
    </SEOSUBCOTX>
    <SEOSUBCOTX>
     <CMPNAME>BAPI2093_RES_HEA_GET_ENTITYSET</CMPNAME>
     <SCONAME>ET_ENTITYSET</SCONAME>
     <LANGU>E</LANGU>
     <DESCRIPT>Returning data</DESCRIPT>
    </SEOSUBCOTX>
    <SEOSUBCOTX>
     <CMPNAME>BAPI2093_RES_HEA_GET_ENTITYSET</CMPNAME>
     <SCONAME>IS_PAGING</SCONAME>
     <LANGU>E</LANGU>
     <DESCRIPT>Paging structure</DESCRIPT>
    </SEOSUBCOTX>
    <SEOSUBCOTX>
     <CMPNAME>BAPI2093_RES_HEA_GET_ENTITYSET</CMPNAME>
     <SCONAME>IT_FILTER_SELECT_OPTIONS</SCONAME>
     <LANGU>E</LANGU>
     <DESCRIPT>Table of select options</DESCRIPT>
    </SEOSUBCOTX>
    <SEOSUBCOTX>
     <CMPNAME>BAPI2093_RES_HEA_GET_ENTITYSET</CMPNAME>
     <SCONAME>IT_KEY_TAB</SCONAME>
     <LANGU>E</LANGU>
     <DESCRIPT>Table for name value pairs</DESCRIPT>
    </SEOSUBCOTX>
    <SEOSUBCOTX>
     <CMPNAME>BAPI2093_RES_HEA_GET_ENTITYSET</CMPNAME>
     <SCONAME>IT_NAVIGATION_PATH</SCONAME>
     <LANGU>E</LANGU>
     <DESCRIPT>Table of navigation paths</DESCRIPT>
    </SEOSUBCOTX>
    <SEOSUBCOTX>
     <CMPNAME>BAPI2093_RES_HEA_GET_ENTITYSET</CMPNAME>
     <SCONAME>IT_ORDER</SCONAME>
     <LANGU>E</LANGU>
     <DESCRIPT>The sorting order</DESCRIPT>
    </SEOSUBCOTX>
    <SEOSUBCOTX>
     <CMPNAME>BAPI2093_RES_HEA_GET_ENTITYSET</CMPNAME>
     <SCONAME>IV_FILTER_STRING</SCONAME>
     <LANGU>E</LANGU>
     <DESCRIPT>Table for name value pairs</DESCRIPT>
    </SEOSUBCOTX>
    <SEOSUBCOTX>
     <CMPNAME>BAPI2093_RES_HEA_UPDATE_ENTITY</CMPNAME>
     <SCONAME>/IWBEP/CX_MGW_BUSI_EXCEPTION</SCONAME>
     <LANGU>E</LANGU>
     <DESCRIPT>business exception in mgw</DESCRIPT>
    </SEOSUBCOTX>
    <SEOSUBCOTX>
     <CMPNAME>BAPI2093_RES_HEA_UPDATE_ENTITY</CMPNAME>
     <SCONAME>/IWBEP/CX_MGW_TECH_EXCEPTION</SCONAME>
     <LANGU>E</LANGU>
     <DESCRIPT>mgw technical exception</DESCRIPT>
    </SEOSUBCOTX>
    <SEOSUBCOTX>
     <CMPNAME>BAPI2093_RES_HEA_UPDATE_ENTITY</CMPNAME>
     <SCONAME>ER_ENTITY</SCONAME>
     <LANGU>E</LANGU>
     <DESCRIPT>Returning data</DESCRIPT>
    </SEOSUBCOTX>
    <SEOSUBCOTX>
     <CMPNAME>BAPI2093_RES_HEA_UPDATE_ENTITY</CMPNAME>
     <SCONAME>IO_DATA_PROVIDER</SCONAME>
     <LANGU>E</LANGU>
     <DESCRIPT>MGW Entry Data Provider</DESCRIPT>
    </SEOSUBCOTX>
    <SEOSUBCOTX>
     <CMPNAME>BAPI2093_RES_HEA_UPDATE_ENTITY</CMPNAME>
     <SCONAME>IT_KEY_TAB</SCONAME>
     <LANGU>E</LANGU>
     <DESCRIPT>table for name value pairs</DESCRIPT>
    </SEOSUBCOTX>
    <SEOSUBCOTX>
     <CMPNAME>BAPI2093_RES_HEA_UPDATE_ENTITY</CMPNAME>
     <SCONAME>IT_NAVIGATION_PATH</SCONAME>
     <LANGU>E</LANGU>
     <DESCRIPT>table of navigation paths</DESCRIPT>
    </SEOSUBCOTX>
    <SEOSUBCOTX>
     <CMPNAME>BAPI2093_RES_ITE_CREATE_ENTITY</CMPNAME>
     <SCONAME>/IWBEP/CX_MGW_BUSI_EXCEPTION</SCONAME>
     <LANGU>E</LANGU>
     <DESCRIPT>business exception in mgw</DESCRIPT>
    </SEOSUBCOTX>
    <SEOSUBCOTX>
     <CMPNAME>BAPI2093_RES_ITE_CREATE_ENTITY</CMPNAME>
     <SCONAME>/IWBEP/CX_MGW_TECH_EXCEPTION</SCONAME>
     <LANGU>E</LANGU>
     <DESCRIPT>mgw technical exception</DESCRIPT>
    </SEOSUBCOTX>
    <SEOSUBCOTX>
     <CMPNAME>BAPI2093_RES_ITE_CREATE_ENTITY</CMPNAME>
     <SCONAME>ER_ENTITY</SCONAME>
     <LANGU>E</LANGU>
     <DESCRIPT>Returning data</DESCRIPT>
    </SEOSUBCOTX>
    <SEOSUBCOTX>
     <CMPNAME>BAPI2093_RES_ITE_CREATE_ENTITY</CMPNAME>
     <SCONAME>IO_DATA_PROVIDER</SCONAME>
     <LANGU>E</LANGU>
     <DESCRIPT>MGW Entry Data Provider</DESCRIPT>
    </SEOSUBCOTX>
    <SEOSUBCOTX>
     <CMPNAME>BAPI2093_RES_ITE_CREATE_ENTITY</CMPNAME>
     <SCONAME>IT_KEY_TAB</SCONAME>
     <LANGU>E</LANGU>
     <DESCRIPT>table for name value pairs</DESCRIPT>
    </SEOSUBCOTX>
    <SEOSUBCOTX>
     <CMPNAME>BAPI2093_RES_ITE_CREATE_ENTITY</CMPNAME>
     <SCONAME>IT_NAVIGATION_PATH</SCONAME>
     <LANGU>E</LANGU>
     <DESCRIPT>table of navigation paths</DESCRIPT>
    </SEOSUBCOTX>
    <SEOSUBCOTX>
     <CMPNAME>BAPI2093_RES_ITE_DELETE_ENTITY</CMPNAME>
     <SCONAME>/IWBEP/CX_MGW_BUSI_EXCEPTION</SCONAME>
     <LANGU>E</LANGU>
     <DESCRIPT>business exception in mgw</DESCRIPT>
    </SEOSUBCOTX>
    <SEOSUBCOTX>
     <CMPNAME>BAPI2093_RES_ITE_DELETE_ENTITY</CMPNAME>
     <SCONAME>/IWBEP/CX_MGW_TECH_EXCEPTION</SCONAME>
     <LANGU>E</LANGU>
     <DESCRIPT>mgw technical exception</DESCRIPT>
    </SEOSUBCOTX>
    <SEOSUBCOTX>
     <CMPNAME>BAPI2093_RES_ITE_DELETE_ENTITY</CMPNAME>
     <SCONAME>IT_KEY_TAB</SCONAME>
     <LANGU>E</LANGU>
     <DESCRIPT>table for name value pairs</DESCRIPT>
    </SEOSUBCOTX>
    <SEOSUBCOTX>
     <CMPNAME>BAPI2093_RES_ITE_DELETE_ENTITY</CMPNAME>
     <SCONAME>IT_NAVIGATION_PATH</SCONAME>
     <LANGU>E</LANGU>
     <DESCRIPT>table of navigation paths</DESCRIPT>
    </SEOSUBCOTX>
    <SEOSUBCOTX>
     <CMPNAME>BAPI2093_RES_ITE_GET_ENTITY</CMPNAME>
     <SCONAME>/IWBEP/CX_MGW_BUSI_EXCEPTION</SCONAME>
     <LANGU>E</LANGU>
     <DESCRIPT>business exception in mgw</DESCRIPT>
    </SEOSUBCOTX>
    <SEOSUBCOTX>
     <CMPNAME>BAPI2093_RES_ITE_GET_ENTITY</CMPNAME>
     <SCONAME>/IWBEP/CX_MGW_TECH_EXCEPTION</SCONAME>
     <LANGU>E</LANGU>
     <DESCRIPT>mgw technical exception</DESCRIPT>
    </SEOSUBCOTX>
    <SEOSUBCOTX>
     <CMPNAME>BAPI2093_RES_ITE_GET_ENTITY</CMPNAME>
     <SCONAME>ER_ENTITY</SCONAME>
     <LANGU>E</LANGU>
     <DESCRIPT>Returning data</DESCRIPT>
    </SEOSUBCOTX>
    <SEOSUBCOTX>
     <CMPNAME>BAPI2093_RES_ITE_GET_ENTITY</CMPNAME>
     <SCONAME>IO_REQUEST_OBJECT</SCONAME>
     <LANGU>E</LANGU>
     <DESCRIPT>table of navigation paths</DESCRIPT>
    </SEOSUBCOTX>
    <SEOSUBCOTX>
     <CMPNAME>BAPI2093_RES_ITE_GET_ENTITY</CMPNAME>
     <SCONAME>IT_KEY_TAB</SCONAME>
     <LANGU>E</LANGU>
     <DESCRIPT>table for name value pairs</DESCRIPT>
    </SEOSUBCOTX>
    <SEOSUBCOTX>
     <CMPNAME>BAPI2093_RES_ITE_GET_ENTITY</CMPNAME>
     <SCONAME>IT_NAVIGATION_PATH</SCONAME>
     <LANGU>E</LANGU>
     <DESCRIPT>table of navigation paths</DESCRIPT>
    </SEOSUBCOTX>
    <SEOSUBCOTX>
     <CMPNAME>BAPI2093_RES_ITE_GET_ENTITYSET</CMPNAME>
     <SCONAME>/IWBEP/CX_MGW_BUSI_EXCEPTION</SCONAME>
     <LANGU>E</LANGU>
     <DESCRIPT>business exception in mgw</DESCRIPT>
    </SEOSUBCOTX>
    <SEOSUBCOTX>
     <CMPNAME>BAPI2093_RES_ITE_GET_ENTITYSET</CMPNAME>
     <SCONAME>/IWBEP/CX_MGW_TECH_EXCEPTION</SCONAME>
     <LANGU>E</LANGU>
     <DESCRIPT>mgw technical exception</DESCRIPT>
    </SEOSUBCOTX>
    <SEOSUBCOTX>
     <CMPNAME>BAPI2093_RES_ITE_GET_ENTITYSET</CMPNAME>
     <SCONAME>ET_ENTITYSET</SCONAME>
     <LANGU>E</LANGU>
     <DESCRIPT>Returning data</DESCRIPT>
    </SEOSUBCOTX>
    <SEOSUBCOTX>
     <CMPNAME>BAPI2093_RES_ITE_GET_ENTITYSET</CMPNAME>
     <SCONAME>IS_PAGING</SCONAME>
     <LANGU>E</LANGU>
     <DESCRIPT>Paging structure</DESCRIPT>
    </SEOSUBCOTX>
    <SEOSUBCOTX>
     <CMPNAME>BAPI2093_RES_ITE_GET_ENTITYSET</CMPNAME>
     <SCONAME>IT_FILTER_SELECT_OPTIONS</SCONAME>
     <LANGU>E</LANGU>
     <DESCRIPT>Table of select options</DESCRIPT>
    </SEOSUBCOTX>
    <SEOSUBCOTX>
     <CMPNAME>BAPI2093_RES_ITE_GET_ENTITYSET</CMPNAME>
     <SCONAME>IT_KEY_TAB</SCONAME>
     <LANGU>E</LANGU>
     <DESCRIPT>Table for name value pairs</DESCRIPT>
    </SEOSUBCOTX>
    <SEOSUBCOTX>
     <CMPNAME>BAPI2093_RES_ITE_GET_ENTITYSET</CMPNAME>
     <SCONAME>IT_NAVIGATION_PATH</SCONAME>
     <LANGU>E</LANGU>
     <DESCRIPT>Table of navigation paths</DESCRIPT>
    </SEOSUBCOTX>
    <SEOSUBCOTX>
     <CMPNAME>BAPI2093_RES_ITE_GET_ENTITYSET</CMPNAME>
     <SCONAME>IT_ORDER</SCONAME>
     <LANGU>E</LANGU>
     <DESCRIPT>The sorting order</DESCRIPT>
    </SEOSUBCOTX>
    <SEOSUBCOTX>
     <CMPNAME>BAPI2093_RES_ITE_GET_ENTITYSET</CMPNAME>
     <SCONAME>IV_FILTER_STRING</SCONAME>
     <LANGU>E</LANGU>
     <DESCRIPT>Table for name value pairs</DESCRIPT>
    </SEOSUBCOTX>
    <SEOSUBCOTX>
     <CMPNAME>BAPI2093_RES_ITE_UPDATE_ENTITY</CMPNAME>
     <SCONAME>/IWBEP/CX_MGW_BUSI_EXCEPTION</SCONAME>
     <LANGU>E</LANGU>
     <DESCRIPT>business exception in mgw</DESCRIPT>
    </SEOSUBCOTX>
    <SEOSUBCOTX>
     <CMPNAME>BAPI2093_RES_ITE_UPDATE_ENTITY</CMPNAME>
     <SCONAME>/IWBEP/CX_MGW_TECH_EXCEPTION</SCONAME>
     <LANGU>E</LANGU>
     <DESCRIPT>mgw technical exception</DESCRIPT>
    </SEOSUBCOTX>
    <SEOSUBCOTX>
     <CMPNAME>BAPI2093_RES_ITE_UPDATE_ENTITY</CMPNAME>
     <SCONAME>ER_ENTITY</SCONAME>
     <LANGU>E</LANGU>
     <DESCRIPT>Returning data</DESCRIPT>
    </SEOSUBCOTX>
    <SEOSUBCOTX>
     <CMPNAME>BAPI2093_RES_ITE_UPDATE_ENTITY</CMPNAME>
     <SCONAME>IO_DATA_PROVIDER</SCONAME>
     <LANGU>E</LANGU>
     <DESCRIPT>MGW Entry Data Provider</DESCRIPT>
    </SEOSUBCOTX>
    <SEOSUBCOTX>
     <CMPNAME>BAPI2093_RES_ITE_UPDATE_ENTITY</CMPNAME>
     <SCONAME>IT_KEY_TAB</SCONAME>
     <LANGU>E</LANGU>
     <DESCRIPT>table for name value pairs</DESCRIPT>
    </SEOSUBCOTX>
    <SEOSUBCOTX>
     <CMPNAME>BAPI2093_RES_ITE_UPDATE_ENTITY</CMPNAME>
     <SCONAME>IT_NAVIGATION_PATH</SCONAME>
     <LANGU>E</LANGU>
     <DESCRIPT>table of navigation paths</DESCRIPT>
    </SEOSUBCOTX>
   </DESCRIPTIONS_SUB>
  </asx:values>
 </asx:abap>
</abapGit>
