﻿<?xml version="1.0" encoding="utf-8"?>
<abapGit version="v1.0.0" serializer="LCL_OBJECT_CLAS" serializer_version="v1.0.0">
 <asx:abap xmlns:asx="http://www.sap.com/abapxml" version="1.0">
  <asx:values>
   <VSEOCLASS>
    <CLSNAME>ZCL_MM_WI_EXIT_PO</CLSNAME>
    <LANGU>E</LANGU>
    <DESCRIPT>PO -Work Item Exit</DESCRIPT>
    <STATE>1</STATE>
    <CLSCCINCL>X</CLSCCINCL>
    <FIXPT>X</FIXPT>
    <UNICODE>X</UNICODE>
   </VSEOCLASS>
   <DESCRIPTIONS>
    <SEOCOMPOTX>
     <CMPNAME>AFTER_WI_EXECUTION</CMPNAME>
     <LANGU>E</LANGU>
     <DESCRIPT>After WI Creation</DESCRIPT>
    </SEOCOMPOTX>
    <SEOCOMPOTX>
     <CMPNAME>AFTER_WI_RUEL_EXEC</CMPNAME>
     <LANGU>E</LANGU>
     <DESCRIPT>After WI&apos;S RULE Execution</DESCRIPT>
    </SEOCOMPOTX>
    <SEOCOMPOTX>
     <CMPNAME>GET_PO_OUTPUT_PDF</CMPNAME>
     <LANGU>E</LANGU>
     <DESCRIPT>GET GR&apos;s Output for attachement</DESCRIPT>
    </SEOCOMPOTX>
    <SEOCOMPOTX>
     <CMPNAME>GET_PO_TOTAL_VALUE</CMPNAME>
     <LANGU>E</LANGU>
     <DESCRIPT>GET PO&apos;s total Value</DESCRIPT>
    </SEOCOMPOTX>
    <SEOCOMPOTX>
     <CMPNAME>PROCESS_STATUS</CMPNAME>
     <LANGU>E</LANGU>
     <DESCRIPT>Process Status</DESCRIPT>
    </SEOCOMPOTX>
    <SEOCOMPOTX>
     <CMPNAME>SENDING_PO_EMAIL</CMPNAME>
     <LANGU>E</LANGU>
     <DESCRIPT>Sending Email</DESCRIPT>
    </SEOCOMPOTX>
    <SEOCOMPOTX>
     <CMPNAME>WI_CONTEXT</CMPNAME>
     <LANGU>E</LANGU>
     <DESCRIPT>Context for Work Item</DESCRIPT>
    </SEOCOMPOTX>
   </DESCRIPTIONS>
   <DESCRIPTIONS_SUB>
    <SEOSUBCOTX>
     <CMPNAME>GET_PO_OUTPUT_PDF</CMPNAME>
     <SCONAME>EBELN</SCONAME>
     <LANGU>E</LANGU>
     <DESCRIPT>Purchasing Document Number</DESCRIPT>
    </SEOSUBCOTX>
    <SEOSUBCOTX>
     <CMPNAME>GET_PO_OUTPUT_PDF</CMPNAME>
     <SCONAME>ET_PDF_CONTENT</SCONAME>
     <LANGU>E</LANGU>
     <DESCRIPT>GBT: SOLIX as Table Type</DESCRIPT>
    </SEOSUBCOTX>
    <SEOSUBCOTX>
     <CMPNAME>GET_PO_OUTPUT_PDF</CMPNAME>
     <SCONAME>EV_PDF_SIZE</SCONAME>
     <LANGU>E</LANGU>
     <DESCRIPT>Size of Document Content</DESCRIPT>
    </SEOSUBCOTX>
    <SEOSUBCOTX>
     <CMPNAME>GET_PO_TOTAL_VALUE</CMPNAME>
     <SCONAME>EV_CURR_KEY</SCONAME>
     <LANGU>E</LANGU>
     <DESCRIPT>Currency Key</DESCRIPT>
    </SEOSUBCOTX>
    <SEOSUBCOTX>
     <CMPNAME>GET_PO_TOTAL_VALUE</CMPNAME>
     <SCONAME>EV_GROSS_AMOUT</SCONAME>
     <LANGU>E</LANGU>
     <DESCRIPT>Net Order Value in PO Currency</DESCRIPT>
    </SEOSUBCOTX>
    <SEOSUBCOTX>
     <CMPNAME>GET_PO_TOTAL_VALUE</CMPNAME>
     <SCONAME>EV_SHIPPING_AMOUNT</SCONAME>
     <LANGU>E</LANGU>
     <DESCRIPT>Net Order Value in PO Currency</DESCRIPT>
    </SEOSUBCOTX>
    <SEOSUBCOTX>
     <CMPNAME>GET_PO_TOTAL_VALUE</CMPNAME>
     <SCONAME>EV_TOTAL_AMOUT</SCONAME>
     <LANGU>E</LANGU>
     <DESCRIPT>Net Order Value in PO Currency</DESCRIPT>
    </SEOSUBCOTX>
    <SEOSUBCOTX>
     <CMPNAME>GET_PO_TOTAL_VALUE</CMPNAME>
     <SCONAME>EV_TOTAL_TAX_AMOUNT</SCONAME>
     <LANGU>E</LANGU>
     <DESCRIPT>Net Order Value in PO Currency</DESCRIPT>
    </SEOSUBCOTX>
    <SEOSUBCOTX>
     <CMPNAME>GET_PO_TOTAL_VALUE</CMPNAME>
     <SCONAME>IV_EBELN</SCONAME>
     <LANGU>E</LANGU>
     <DESCRIPT>Purchasing Document Number</DESCRIPT>
    </SEOSUBCOTX>
    <SEOSUBCOTX>
     <CMPNAME>SENDING_PO_EMAIL</CMPNAME>
     <SCONAME>EBELN</SCONAME>
     <LANGU>E</LANGU>
     <DESCRIPT>Purchasing Document Number</DESCRIPT>
    </SEOSUBCOTX>
    <SEOSUBCOTX>
     <CMPNAME>SENDING_PO_EMAIL</CMPNAME>
     <SCONAME>IT_USERID</SCONAME>
     <LANGU>E</LANGU>
     <DESCRIPT>User Name Table</DESCRIPT>
    </SEOSUBCOTX>
    <SEOSUBCOTX>
     <CMPNAME>SENDING_PO_EMAIL</CMPNAME>
     <SCONAME>USERID</SCONAME>
     <LANGU>E</LANGU>
     <DESCRIPT>User Name</DESCRIPT>
    </SEOSUBCOTX>
    <SEOSUBCOTX>
     <CMPNAME>SENDING_PO_EMAIL</CMPNAME>
     <SCONAME>WI_ID</SCONAME>
     <LANGU>E</LANGU>
     <DESCRIPT>Work item ID</DESCRIPT>
    </SEOSUBCOTX>
   </DESCRIPTIONS_SUB>
  </asx:values>
 </asx:abap>
</abapGit>
