﻿<?xml version="1.0" encoding="utf-8"?>
<abapGit version="v1.0.0" serializer="LCL_OBJECT_CLAS" serializer_version="v1.0.0">
 <asx:abap xmlns:asx="http://www.sap.com/abapxml" version="1.0">
  <asx:values>
   <VSEOCLASS>
    <CLSNAME>ZCL_PROCESS_INBOUND_WF_EMAILS</CLSNAME>
    <LANGU>E</LANGU>
    <DESCRIPT>Offline Approval-Process Inbound EMails</DESCRIPT>
    <STATE>1</STATE>
    <CLSCCINCL>X</CLSCCINCL>
    <FIXPT>X</FIXPT>
    <UNICODE>X</UNICODE>
   </VSEOCLASS>
   <DESCRIPTIONS>
    <SEOCOMPOTX>
     <CMPNAME>CREATE_IR</CMPNAME>
     <LANGU>E</LANGU>
     <DESCRIPT>Create the IR using the Mail body</DESCRIPT>
    </SEOCOMPOTX>
    <SEOCOMPOTX>
     <CMPNAME>GET_APPROVERS_LIST</CMPNAME>
     <LANGU>E</LANGU>
     <DESCRIPT>GET APPROVERS LIST (FM ZMM_GET_APPROVERS_LIST)</DESCRIPT>
    </SEOCOMPOTX>
    <SEOCOMPOTX>
     <CMPNAME>SEND_GR_SES_APR_FAIL_NOTIF</CMPNAME>
     <LANGU>E</LANGU>
     <DESCRIPT>Sending GR/SES Approval Failure Notification</DESCRIPT>
    </SEOCOMPOTX>
    <SEOCOMPOTX>
     <CMPNAME>SEND_GR_SES_APR_REJ_MAIL</CMPNAME>
     <LANGU>E</LANGU>
     <DESCRIPT>Sending GR/SES Approval Rejection Mail</DESCRIPT>
    </SEOCOMPOTX>
    <SEOCOMPOTX>
     <CMPNAME>SET_GR_SES_DOC_DECISION</CMPNAME>
     <LANGU>E</LANGU>
     <DESCRIPT>Decision on GR &amp; SES Documents</DESCRIPT>
    </SEOCOMPOTX>
    <SEOCOMPOTX>
     <CMPNAME>SET_PO_DOC_DECISION</CMPNAME>
     <LANGU>E</LANGU>
     <DESCRIPT>Decision on PO Documents</DESCRIPT>
    </SEOCOMPOTX>
    <SEOCOMPOTX>
     <CMPNAME>SET_PR_DOC_DECISION</CMPNAME>
     <LANGU>E</LANGU>
     <DESCRIPT>Decision on PR Documents</DESCRIPT>
    </SEOCOMPOTX>
   </DESCRIPTIONS>
   <DESCRIPTIONS_SUB>
    <SEOSUBCOTX>
     <CMPNAME>CREATE_IR</CMPNAME>
     <SCONAME>IT_TEXT</SCONAME>
     <LANGU>E</LANGU>
     <DESCRIPT>Objcont and Objhead as Table Type</DESCRIPT>
    </SEOSUBCOTX>
    <SEOSUBCOTX>
     <CMPNAME>CREATE_IR</CMPNAME>
     <SCONAME>RV_RESERV_NO</SCONAME>
     <LANGU>E</LANGU>
     <DESCRIPT>Character Field with Length 10</DESCRIPT>
    </SEOSUBCOTX>
    <SEOSUBCOTX>
     <CMPNAME>GET_APPROVERS_LIST</CMPNAME>
     <SCONAME>IM_DEL</SCONAME>
     <LANGU>E</LANGU>
     <DESCRIPT>Delivery</DESCRIPT>
    </SEOSUBCOTX>
    <SEOSUBCOTX>
     <CMPNAME>GET_APPROVERS_LIST</CMPNAME>
     <SCONAME>LT_USER_DET</SCONAME>
     <LANGU>E</LANGU>
     <DESCRIPT>User Details</DESCRIPT>
    </SEOSUBCOTX>
    <SEOSUBCOTX>
     <CMPNAME>GET_APPROVERS_LIST</CMPNAME>
     <SCONAME>LV_EBELN</SCONAME>
     <LANGU>E</LANGU>
     <DESCRIPT>Purchasing Document Number</DESCRIPT>
    </SEOSUBCOTX>
    <SEOSUBCOTX>
     <CMPNAME>GET_APPROVERS_LIST</CMPNAME>
     <SCONAME>LV_INVOICE_ID</SCONAME>
     <LANGU>E</LANGU>
     <DESCRIPT>INVOICE_ID</DESCRIPT>
    </SEOSUBCOTX>
    <SEOSUBCOTX>
     <CMPNAME>GET_APPROVERS_LIST</CMPNAME>
     <SCONAME>LV_MAT_TYPE</SCONAME>
     <LANGU>E</LANGU>
     <DESCRIPT>Material type</DESCRIPT>
    </SEOSUBCOTX>
    <SEOSUBCOTX>
     <CMPNAME>SEND_GR_SES_APR_FAIL_NOTIF</CMPNAME>
     <SCONAME>IT_LOG</SCONAME>
     <LANGU>E</LANGU>
     <DESCRIPT>Table type for Table ZMM_GR_SES_WF_LG</DESCRIPT>
    </SEOSUBCOTX>
    <SEOSUBCOTX>
     <CMPNAME>SEND_GR_SES_APR_FAIL_NOTIF</CMPNAME>
     <SCONAME>IT_PO_REF</SCONAME>
     <LANGU>E</LANGU>
     <DESCRIPT>Table type for Transparent Table ZMM_TT_PO_REF</DESCRIPT>
    </SEOSUBCOTX>
    <SEOSUBCOTX>
     <CMPNAME>SEND_GR_SES_APR_FAIL_NOTIF</CMPNAME>
     <SCONAME>IV_EBELN</SCONAME>
     <LANGU>E</LANGU>
     <DESCRIPT>Purchasing Document Number</DESCRIPT>
    </SEOSUBCOTX>
    <SEOSUBCOTX>
     <CMPNAME>SEND_GR_SES_APR_FAIL_NOTIF</CMPNAME>
     <SCONAME>IV_INVOICE_ID</SCONAME>
     <LANGU>E</LANGU>
     <DESCRIPT>INVOICE_ID</DESCRIPT>
    </SEOSUBCOTX>
    <SEOSUBCOTX>
     <CMPNAME>SEND_GR_SES_APR_FAIL_NOTIF</CMPNAME>
     <SCONAME>IV_MAT_TYPE</SCONAME>
     <LANGU>E</LANGU>
     <DESCRIPT>Material type</DESCRIPT>
    </SEOSUBCOTX>
    <SEOSUBCOTX>
     <CMPNAME>SEND_GR_SES_APR_FAIL_NOTIF</CMPNAME>
     <SCONAME>IV_SES</SCONAME>
     <LANGU>E</LANGU>
     <DESCRIPT>Service Entry Sheet</DESCRIPT>
    </SEOSUBCOTX>
    <SEOSUBCOTX>
     <CMPNAME>SEND_GR_SES_APR_REJ_MAIL</CMPNAME>
     <SCONAME>DECISION_KEY</SCONAME>
     <LANGU>E</LANGU>
     <DESCRIPT>Index of an Alternative of a User Decision</DESCRIPT>
    </SEOSUBCOTX>
    <SEOSUBCOTX>
     <CMPNAME>SEND_GR_SES_APR_REJ_MAIL</CMPNAME>
     <SCONAME>IM_DEL</SCONAME>
     <LANGU>E</LANGU>
     <DESCRIPT>Delivery</DESCRIPT>
    </SEOSUBCOTX>
    <SEOSUBCOTX>
     <CMPNAME>SEND_GR_SES_APR_REJ_MAIL</CMPNAME>
     <SCONAME>IR_MAIL</SCONAME>
     <LANGU>E</LANGU>
     <DESCRIPT>Single-Character Flag</DESCRIPT>
    </SEOSUBCOTX>
    <SEOSUBCOTX>
     <CMPNAME>SEND_GR_SES_APR_REJ_MAIL</CMPNAME>
     <SCONAME>LV_EBELN</SCONAME>
     <LANGU>E</LANGU>
     <DESCRIPT>Purchasing Document Number</DESCRIPT>
    </SEOSUBCOTX>
    <SEOSUBCOTX>
     <CMPNAME>SEND_GR_SES_APR_REJ_MAIL</CMPNAME>
     <SCONAME>LV_INVOICE_ID</SCONAME>
     <LANGU>E</LANGU>
     <DESCRIPT>INVOICE_ID</DESCRIPT>
    </SEOSUBCOTX>
    <SEOSUBCOTX>
     <CMPNAME>SEND_GR_SES_APR_REJ_MAIL</CMPNAME>
     <SCONAME>LV_MAT_TYPE</SCONAME>
     <LANGU>E</LANGU>
     <DESCRIPT>Material type</DESCRIPT>
    </SEOSUBCOTX>
    <SEOSUBCOTX>
     <CMPNAME>SET_GR_SES_DOC_DECISION</CMPNAME>
     <SCONAME>DECISION_KEY</SCONAME>
     <LANGU>E</LANGU>
     <DESCRIPT>Index of an Alternative of a User Decision</DESCRIPT>
    </SEOSUBCOTX>
    <SEOSUBCOTX>
     <CMPNAME>SET_GR_SES_DOC_DECISION</CMPNAME>
     <SCONAME>MAT_TYPE</SCONAME>
     <LANGU>E</LANGU>
     <DESCRIPT>Material type</DESCRIPT>
    </SEOSUBCOTX>
    <SEOSUBCOTX>
     <CMPNAME>SET_GR_SES_DOC_DECISION</CMPNAME>
     <SCONAME>NEW_STATUS</SCONAME>
     <LANGU>E</LANGU>
     <DESCRIPT>Processing Status of a Work Item</DESCRIPT>
    </SEOSUBCOTX>
    <SEOSUBCOTX>
     <CMPNAME>SET_GR_SES_DOC_DECISION</CMPNAME>
     <SCONAME>WI_HEADER</SCONAME>
     <LANGU>E</LANGU>
     <DESCRIPT>Workflow Runtime: Header Table for All Work Item Types</DESCRIPT>
    </SEOSUBCOTX>
    <SEOSUBCOTX>
     <CMPNAME>SET_PO_DOC_DECISION</CMPNAME>
     <SCONAME>DECISION_KEY</SCONAME>
     <LANGU>E</LANGU>
     <DESCRIPT>Index of an Alternative of a User Decision</DESCRIPT>
    </SEOSUBCOTX>
    <SEOSUBCOTX>
     <CMPNAME>SET_PO_DOC_DECISION</CMPNAME>
     <SCONAME>NEW_STATUS</SCONAME>
     <LANGU>E</LANGU>
     <DESCRIPT>Processing Status of a Work Item</DESCRIPT>
    </SEOSUBCOTX>
    <SEOSUBCOTX>
     <CMPNAME>SET_PO_DOC_DECISION</CMPNAME>
     <SCONAME>WI_HEADER</SCONAME>
     <LANGU>E</LANGU>
     <DESCRIPT>Workflow Runtime: Header Table for All Work Item Types</DESCRIPT>
    </SEOSUBCOTX>
    <SEOSUBCOTX>
     <CMPNAME>SET_PR_DOC_DECISION</CMPNAME>
     <SCONAME>DECISION_KEY</SCONAME>
     <LANGU>E</LANGU>
     <DESCRIPT>Index of an Alternative of a User Decision</DESCRIPT>
    </SEOSUBCOTX>
    <SEOSUBCOTX>
     <CMPNAME>SET_PR_DOC_DECISION</CMPNAME>
     <SCONAME>NEW_STATUS</SCONAME>
     <LANGU>E</LANGU>
     <DESCRIPT>Processing Status of a Work Item</DESCRIPT>
    </SEOSUBCOTX>
    <SEOSUBCOTX>
     <CMPNAME>SET_PR_DOC_DECISION</CMPNAME>
     <SCONAME>WI_HEADER</SCONAME>
     <LANGU>E</LANGU>
     <DESCRIPT>Workflow Runtime: Header Table for All Work Item Types</DESCRIPT>
    </SEOSUBCOTX>
   </DESCRIPTIONS_SUB>
  </asx:values>
 </asx:abap>
</abapGit>
