﻿<?xml version="1.0" encoding="utf-8"?>
<abapGit version="v1.0.0" serializer="LCL_OBJECT_CLAS" serializer_version="v1.0.0">
 <asx:abap xmlns:asx="http://www.sap.com/abapxml" version="1.0">
  <asx:values>
   <VSEOCLASS>
    <CLSNAME>ZCL_IM_ME_PROCESS_REQ_CUST</CLSNAME>
    <LANGU>E</LANGU>
    <DESCRIPT>Imp. class for BAdI imp. ZME_PROCESS_REQ_CUST</DESCRIPT>
    <STATE>1</STATE>
    <CLSCCINCL>X</CLSCCINCL>
    <FIXPT>X</FIXPT>
    <UNICODE>X</UNICODE>
   </VSEOCLASS>
   <DESCRIPTIONS>
    <SEOCOMPOTX>
     <CMPNAME>GV_BUKRS</CMPNAME>
     <LANGU>E</LANGU>
     <DESCRIPT>Company Code</DESCRIPT>
    </SEOCOMPOTX>
    <SEOCOMPOTX>
     <CMPNAME>GV_DEPARTMENT_HEAD</CMPNAME>
     <LANGU>E</LANGU>
     <DESCRIPT>Department head flag</DESCRIPT>
    </SEOCOMPOTX>
    <SEOCOMPOTX>
     <CMPNAME>GV_FNAME_CHECK</CMPNAME>
     <LANGU>E</LANGU>
     <DESCRIPT>E/W - Error,  W-Space No Error.</DESCRIPT>
    </SEOCOMPOTX>
    <SEOCOMPOTX>
     <CMPNAME>GV_IT_CHECK</CMPNAME>
     <LANGU>E</LANGU>
     <DESCRIPT>Single-Character Flag</DESCRIPT>
    </SEOCOMPOTX>
    <SEOCOMPOTX>
     <CMPNAME>IS_DEPARTMENT_HEAD_REQUIRED</CMPNAME>
     <LANGU>E</LANGU>
     <DESCRIPT>Checking for Deparment Heade if Requestor will be a BC or RC</DESCRIPT>
    </SEOCOMPOTX>
   </DESCRIPTIONS>
   <DESCRIPTIONS_SUB>
    <SEOSUBCOTX>
     <CMPNAME>IS_DEPARTMENT_HEAD_REQUIRED</CMPNAME>
     <SCONAME>IS_ITEM</SCONAME>
     <LANGU>E</LANGU>
     <DESCRIPT>OO Purchase Requisition: Item Status</DESCRIPT>
    </SEOSUBCOTX>
    <SEOSUBCOTX>
     <CMPNAME>IS_DEPARTMENT_HEAD_REQUIRED</CMPNAME>
     <SCONAME>RV_REQUIRED</SCONAME>
     <LANGU>E</LANGU>
     <DESCRIPT>Single-Character Flag</DESCRIPT>
    </SEOSUBCOTX>
   </DESCRIPTIONS_SUB>
  </asx:values>
 </asx:abap>
</abapGit>
