﻿<?xml version="1.0" encoding="utf-8"?>
<abapGit version="v1.0.0" serializer="LCL_OBJECT_DTEL" serializer_version="v1.0.0">
 <asx:abap xmlns:asx="http://www.sap.com/abapxml" version="1.0">
  <asx:values>
   <DD04V>
    <ROLLNAME>ZDEWEMPF</ROLLNAME>
    <DDLANGUAGE>E</DDLANGUAGE>
    <DOMNAME>ZDOWEMPF</DOMNAME>
    <LOGFLAG>X</LOGFLAG>
    <HEADLEN>12</HEADLEN>
    <SCRLEN1>10</SCRLEN1>
    <SCRLEN2>15</SCRLEN2>
    <SCRLEN3>20</SCRLEN3>
    <DDTEXT>Goods recipient</DDTEXT>
    <REPTEXT>Recipient</REPTEXT>
    <SCRTEXT_S>Recipient</SCRTEXT_S>
    <SCRTEXT_M>Recipient</SCRTEXT_M>
    <SCRTEXT_L>Goods recipient</SCRTEXT_L>
    <APPLCLASS>MB</APPLCLASS>
    <DTELMASTER>D</DTELMASTER>
    <DEFFDNAME>GR_RCPT</DEFFDNAME>
    <REFKIND>D</REFKIND>
   </DD04V>
   <I18N_LANGS>
    <LANGU>A</LANGU>
    <LANGU>D</LANGU>
    <LANGU>F</LANGU>
   </I18N_LANGS>
   <DD04_TEXTS>
    <item>
     <DDLANGUAGE>A</DDLANGUAGE>
     <DDTEXT>مستلم البضائع</DDTEXT>
     <REPTEXT>المستلِم</REPTEXT>
     <SCRTEXT_S>المستلِم</SCRTEXT_S>
     <SCRTEXT_M>المستلِم</SCRTEXT_M>
     <SCRTEXT_L>مستلم البضائع</SCRTEXT_L>
    </item>
    <item>
     <DDLANGUAGE>D</DDLANGUAGE>
     <DDTEXT>Warenempfänger</DDTEXT>
     <REPTEXT>Empfänger</REPTEXT>
     <SCRTEXT_S>Empfäng</SCRTEXT_S>
     <SCRTEXT_M>Empfänger</SCRTEXT_M>
     <SCRTEXT_L>Warenempfänger</SCRTEXT_L>
    </item>
    <item>
     <DDLANGUAGE>F</DDLANGUAGE>
     <DDTEXT>Réceptionnaire</DDTEXT>
     <REPTEXT>Réception.</REPTEXT>
     <SCRTEXT_S>Réception.</SCRTEXT_S>
     <SCRTEXT_M>Réceptionnaire</SCRTEXT_M>
     <SCRTEXT_L>Réceptionnaire</SCRTEXT_L>
    </item>
   </DD04_TEXTS>
   <LONGTEXTS>
    <item>
     <DOKIL>
      <ID>DE</ID>
      <OBJECT>ZDEWEMPF</OBJECT>
      <LANGU>D</LANGU>
      <TYP>E</TYP>
      <VERSION>0003</VERSION>
      <MASTERLANG>X</MASTERLANG>
      <TXTLINES>00003</TXTLINES>
      <DOKSTATE>A</DOKSTATE>
     </DOKIL>
     <HEAD>
      <TDOBJECT>DOKU</TDOBJECT>
      <TDNAME>ZDEWEMPF</TDNAME>
      <TDID>DE</TDID>
      <TDSPRAS>D</TDSPRAS>
      <TDFORM>S_DOCU_SHOW</TDFORM>
      <TDSTYLE>S_DOCUS1</TDSTYLE>
      <TDVERSION>00003</TDVERSION>
      <TDLINESIZE>072</TDLINESIZE>
     </HEAD>
     <LINES>
      <TLINE>
       <TDFORMAT>U1</TDFORMAT>
       <TDLINE>&amp;DEFINITION&amp;</TDLINE>
      </TLINE>
      <TLINE>
       <TDFORMAT>AS</TDFORMAT>
       <TDLINE>Gibt den Empfänger an, für den das Material oder die</TDLINE>
      </TLINE>
      <TLINE>
       <TDLINE>&lt;DS:GLOS.3526C114AFAB52B9E10000009B38F974&gt;Dienstleistung&lt;/&gt; bestimmt</TDLINE>
      </TLINE>
      <TLINE>
       <TDLINE>ist.</TDLINE>
      </TLINE>
     </LINES>
    </item>
    <item>
     <DOKIL>
      <ID>DE</ID>
      <OBJECT>ZDEWEMPF</OBJECT>
      <LANGU>E</LANGU>
      <TYP>E</TYP>
      <VERSION>0003</VERSION>
      <TXTLINES>00002</TXTLINES>
      <DOKSTATE>A</DOKSTATE>
     </DOKIL>
     <HEAD>
      <TDOBJECT>DOKU</TDOBJECT>
      <TDNAME>ZDEWEMPF</TDNAME>
      <TDID>DE</TDID>
      <TDSPRAS>E</TDSPRAS>
      <TDFORM>S_DOCU_SHOW</TDFORM>
      <TDSTYLE>S_DOCUS1</TDSTYLE>
      <TDVERSION>00003</TDVERSION>
      <TDLINESIZE>072</TDLINESIZE>
     </HEAD>
     <LINES>
      <TLINE>
       <TDFORMAT>U1</TDFORMAT>
       <TDLINE>&amp;DEFINITION&amp;</TDLINE>
      </TLINE>
      <TLINE>
       <TDFORMAT>AS</TDFORMAT>
       <TDLINE>Specifies the recipient for whom the material or the</TDLINE>
      </TLINE>
      <TLINE>
       <TDLINE>&lt;DS:GLOS.3526C114AFAB52B9E10000009B38F974&gt;service&lt;/&gt; is destined.</TDLINE>
      </TLINE>
     </LINES>
    </item>
    <item>
     <DOKIL>
      <ID>DE</ID>
      <OBJECT>ZDEWEMPF</OBJECT>
      <LANGU>F</LANGU>
      <TYP>E</TYP>
      <VERSION>0003</VERSION>
      <TXTLINES>00001</TXTLINES>
      <DOKSTATE>A</DOKSTATE>
     </DOKIL>
     <HEAD>
      <TDOBJECT>DOKU</TDOBJECT>
      <TDNAME>ZDEWEMPF</TDNAME>
      <TDID>DE</TDID>
      <TDSPRAS>F</TDSPRAS>
      <TDFORM>S_DOCU_SHOW</TDFORM>
      <TDSTYLE>S_DOCUS1</TDSTYLE>
      <TDVERSION>00003</TDVERSION>
      <TDLINESIZE>072</TDLINESIZE>
     </HEAD>
     <LINES>
      <TLINE>
       <TDFORMAT>U1</TDFORMAT>
       <TDLINE>&amp;DEFINITION&amp;</TDLINE>
      </TLINE>
      <TLINE>
       <TDFORMAT>AS</TDFORMAT>
       <TDLINE>Il s&apos;agit du destinataire de cet article ou de ce service.</TDLINE>
      </TLINE>
     </LINES>
    </item>
   </LONGTEXTS>
  </asx:values>
 </asx:abap>
</abapGit>
