﻿<?xml version="1.0" encoding="utf-8"?>
<abapGit version="v1.0.0" serializer="LCL_OBJECT_ENHO" serializer_version="v1.0.0">
 <asx:abap xmlns:asx="http://www.sap.com/abapxml" version="1.0">
  <asx:values>
   <TOOL>BADI_IMPL</TOOL>
   <SHORTTEXT>Enh. Implemention for task data-My INbox</SHORTTEXT>
   <SPOT_NAME>/IWPGW/ES_TGW_TASK_DATA</SPOT_NAME>
   <IMPL>
    <ENH_BADI_IMPL_DATA>
     <SPOT_NAME>/IWPGW/ES_TGW_TASK_DATA</SPOT_NAME>
     <BADI_NAME>/IWPGW/BADI_TGW_TASK_DATA</BADI_NAME>
     <IMPL_NAME>ZBI_MM_MYINBOX_TASK_DATA</IMPL_NAME>
     <IMPL_CLASS>ZCL_MM_MYINBOX_TASK_DATA</IMPL_CLASS>
     <ACTIVE>X</ACTIVE>
     <FILTER_ROOT>
      <ENH_BADIIMPL_FILTER_ROOT>
       <ROOT>1</ROOT>
       <FILTERS>
        <ENH_BADIIMPL_FILTER_ID>
         <FILTER_NAME>PROVIDER_ID</FILTER_NAME>
         <ID>1</ID>
        </ENH_BADIIMPL_FILTER_ID>
        <ENH_BADIIMPL_FILTER_ID>
         <FILTER_NAME>TASK_DEF_ID</FILTER_NAME>
         <ID>2</ID>
        </ENH_BADIIMPL_FILTER_ID>
       </FILTERS>
      </ENH_BADIIMPL_FILTER_ROOT>
     </FILTER_ROOT>
     <FILTER_VALUES>
      <ENH_BADIIMPL_FILTER_VALUE>
       <ID>1</ID>
       <FILTER_NAME>PROVIDER_ID</FILTER_NAME>
       <FILTER_TYPE>C</FILTER_TYPE>
       <COMPARE>=</COMPARE>
       <FILTER_CHAR_VALUE1>BWF</FILTER_CHAR_VALUE1>
      </ENH_BADIIMPL_FILTER_VALUE>
      <ENH_BADIIMPL_FILTER_VALUE>
       <ID>2</ID>
       <FILTER_NAME>TASK_DEF_ID</FILTER_NAME>
       <FILTER_TYPE>C</FILTER_TYPE>
       <COMPARE>=</COMPARE>
       <FILTER_CHAR_VALUE1>TS99900029</FILTER_CHAR_VALUE1>
      </ENH_BADIIMPL_FILTER_VALUE>
     </FILTER_VALUES>
     <FILTERS>
      <ENH_BADI_FILTER_IMPL>
       <DISJ_IDX>1</DISJ_IDX>
       <CONJ_IDX>1</CONJ_IDX>
       <FILTER_NAME>PROVIDER_ID</FILTER_NAME>
       <FILTER_TYPE>C</FILTER_TYPE>
       <COMPARE>=</COMPARE>
       <FILTER_CHAR_VALUE1>BWF</FILTER_CHAR_VALUE1>
      </ENH_BADI_FILTER_IMPL>
      <ENH_BADI_FILTER_IMPL>
       <DISJ_IDX>1</DISJ_IDX>
       <CONJ_IDX>2</CONJ_IDX>
       <FILTER_NAME>TASK_DEF_ID</FILTER_NAME>
       <FILTER_TYPE>C</FILTER_TYPE>
       <COMPARE>=</COMPARE>
       <FILTER_CHAR_VALUE1>TS99900029</FILTER_CHAR_VALUE1>
      </ENH_BADI_FILTER_IMPL>
     </FILTERS>
     <IMPL_SHORTTEXT>Badi Imp. My Inbox task data</IMPL_SHORTTEXT>
     <IMPL_SHORTTEXT_ID>00163E568DB11EE8AC93F17331B4D26E</IMPL_SHORTTEXT_ID>
    </ENH_BADI_IMPL_DATA>
   </IMPL>
   <SOTR>
    <item>
     <HEADER>
      <CONCEPT>00163E568DB11EE8AC93EAB1938FD269</CONCEPT>
      <CREA_LAN>E</CREA_LAN>
      <TRALA_TYPE>1</TRALA_TYPE>
      <OBJID_VEC>AAI=</OBJID_VEC>
     </HEADER>
     <ENTRIES>
      <SOTR_TEXT>
       <CONCEPT>00163E568DB11EE8AC93EAB1938FD269</CONCEPT>
       <LANGU>E</LANGU>
       <LFD_NUM>0001</LFD_NUM>
       <FLAG_CNTXT>X</FLAG_CNTXT>
       <STATUS>R</STATUS>
       <LENGTH>060</LENGTH>
       <TEXT>Enh. Implemention for task data-My INbox</TEXT>
      </SOTR_TEXT>
     </ENTRIES>
    </item>
    <item>
     <HEADER>
      <CONCEPT>00163E568DB11EE8AC93F17331B4D26E</CONCEPT>
      <CREA_LAN>E</CREA_LAN>
      <TRALA_TYPE>1</TRALA_TYPE>
      <OBJID_VEC>AAI=</OBJID_VEC>
     </HEADER>
     <ENTRIES>
      <SOTR_TEXT>
       <CONCEPT>00163E568DB11EE8AC93F17331B4D26E</CONCEPT>
       <LANGU>E</LANGU>
       <LFD_NUM>0001</LFD_NUM>
       <FLAG_CNTXT>X</FLAG_CNTXT>
       <STATUS>R</STATUS>
       <LENGTH>042</LENGTH>
       <TEXT>Badi Imp. My Inbox task data</TEXT>
      </SOTR_TEXT>
     </ENTRIES>
    </item>
   </SOTR>
   <SOTR_USE>
    <SOTR_USE>
     <PGMID>R3TR</PGMID>
     <OBJECT>ENHO</OBJECT>
     <OBJ_NAME>ZEHIM_MM_MYINBOX_TASK_DATA</OBJ_NAME>
     <CONCEPT>00163E568DB11EE8AC93EAB1938FD269</CONCEPT>
     <LFD_NUM>0001</LFD_NUM>
    </SOTR_USE>
    <SOTR_USE>
     <PGMID>R3TR</PGMID>
     <OBJECT>ENHO</OBJECT>
     <OBJ_NAME>ZEHIM_MM_MYINBOX_TASK_DATA</OBJ_NAME>
     <CONCEPT>00163E568DB11EE8AC93F17331B4D26E</CONCEPT>
     <LFD_NUM>0001</LFD_NUM>
    </SOTR_USE>
   </SOTR_USE>
  </asx:values>
 </asx:abap>
</abapGit>
