﻿<?xml version="1.0" encoding="utf-8"?>
<abapGit version="v1.0.0" serializer="LCL_OBJECT_ENHO" serializer_version="v1.0.0">
 <asx:abap xmlns:asx="http://www.sap.com/abapxml" version="1.0">
  <asx:values>
   <TOOL>BADI_IMPL</TOOL>
   <SHORTTEXT>Eh. Imp. for MB_MIGO_BADI</SHORTTEXT>
   <SPOT_NAME>MB_MIGO_BADI</SPOT_NAME>
   <IMPL>
    <ENH_BADI_IMPL_DATA>
     <SPOT_NAME>MB_MIGO_BADI</SPOT_NAME>
     <BADI_NAME>MB_MIGO_BADI</BADI_NAME>
     <IMPL_NAME>ZIM_MB_MIGO_BADI</IMPL_NAME>
     <IMPL_CLASS>ZCL_IM_MB_MIGO_BADI</IMPL_CLASS>
     <ACTIVE>X</ACTIVE>
     <IMPL_SHORTTEXT>Impl. for MB_MIGO_BADI</IMPL_SHORTTEXT>
     <IMPL_SHORTTEXT_ID>00163E568DB11EE8A1A64F8C6A37CF11</IMPL_SHORTTEXT_ID>
     <MIG_BADI_IMPL>ZIM_MB_MIGO_BADI</MIG_BADI_IMPL>
    </ENH_BADI_IMPL_DATA>
   </IMPL>
   <SOTR>
    <item>
     <HEADER>
      <CONCEPT>00163E568DB11EE8A1A64E8C7CB7CF11</CONCEPT>
      <CREA_LAN>E</CREA_LAN>
      <TRALA_TYPE>1</TRALA_TYPE>
      <OBJID_VEC>AAI=</OBJID_VEC>
     </HEADER>
     <ENTRIES>
      <SOTR_TEXT>
       <CONCEPT>00163E568DB11EE8A1A64E8C7CB7CF11</CONCEPT>
       <LANGU>E</LANGU>
       <LFD_NUM>0001</LFD_NUM>
       <FLAG_CNTXT>X</FLAG_CNTXT>
       <STATUS>R</STATUS>
       <LENGTH>038</LENGTH>
       <TEXT>Eh. Imp. for MB_MIGO_BADI</TEXT>
      </SOTR_TEXT>
     </ENTRIES>
    </item>
    <item>
     <HEADER>
      <CONCEPT>00163E568DB11EE8A1A64F8C6A37CF11</CONCEPT>
      <CREA_LAN>E</CREA_LAN>
      <TRALA_TYPE>1</TRALA_TYPE>
      <OBJID_VEC>AAI=</OBJID_VEC>
     </HEADER>
     <ENTRIES>
      <SOTR_TEXT>
       <CONCEPT>00163E568DB11EE8A1A64F8C6A37CF11</CONCEPT>
       <LANGU>E</LANGU>
       <LFD_NUM>0001</LFD_NUM>
       <FLAG_CNTXT>X</FLAG_CNTXT>
       <STATUS>R</STATUS>
       <LENGTH>033</LENGTH>
       <TEXT>Impl. for MB_MIGO_BADI</TEXT>
      </SOTR_TEXT>
     </ENTRIES>
    </item>
   </SOTR>
   <SOTR_USE>
    <SOTR_USE>
     <PGMID>R3TR</PGMID>
     <OBJECT>ENHO</OBJECT>
     <OBJ_NAME>ZEHIM_MB_MIGO_BADI</OBJ_NAME>
     <CONCEPT>00163E568DB11EE8A1A64E8C7CB7CF11</CONCEPT>
     <LFD_NUM>0001</LFD_NUM>
    </SOTR_USE>
    <SOTR_USE>
     <PGMID>R3TR</PGMID>
     <OBJECT>ENHO</OBJECT>
     <OBJ_NAME>ZEHIM_MB_MIGO_BADI</OBJ_NAME>
     <CONCEPT>00163E568DB11EE8A1A64F8C6A37CF11</CONCEPT>
     <LFD_NUM>0001</LFD_NUM>
    </SOTR_USE>
   </SOTR_USE>
  </asx:values>
 </asx:abap>
</abapGit>
