﻿<?xml version="1.0" encoding="utf-8"?>
<abapGit version="v1.0.0" serializer="LCL_OBJECT_ENHO" serializer_version="v1.0.0">
 <asx:abap xmlns:asx="http://www.sap.com/abapxml" version="1.0">
  <asx:values>
   <TOOL>HOOK_IMPL</TOOL>
   <SHORTTEXT>Imp. Enhancement for MIGO</SHORTTEXT>
   <ORIGINAL_OBJECT>
    <PGMID>R3TR</PGMID>
    <ORG_OBJ_TYPE>FUGR</ORG_OBJ_TYPE>
    <ORG_OBJ_NAME>MIGO</ORG_OBJ_NAME>
    <ORG_MAIN_TYPE>FUGR</ORG_MAIN_TYPE>
    <ORG_MAIN_NAME>MIGO</ORG_MAIN_NAME>
    <PROGRAMNAME>SAPLMIGO</PROGRAMNAME>
   </ORIGINAL_OBJECT>
   <ENHANCEMENTS>
    <ENH_HOOK_IMPL>
     <PROGRAMNAME>SAPLMIGO</PROGRAMNAME>
     <ENHMODE>D</ENHMODE>
     <FULL_NAME>\PR:SAPLMIGO\TY:LCL_MIGO_FRAME\ME:PROCESS_MESSAGES\SE:BEGIN\EI</FULL_NAME>
    </ENH_HOOK_IMPL>
    <ENH_HOOK_IMPL>
     <PROGRAMNAME>SAPLMIGO</PROGRAMNAME>
     <ENHMODE>D</ENHMODE>
     <FULL_NAME>\PR:SAPLMIGO\TY:LCL_MIGO_TREE\ME:HISTORY_READ\SE:END\EI</FULL_NAME>
    </ENH_HOOK_IMPL>
   </ENHANCEMENTS>
   <FILES>
    <item>
     <NAME>\PR:SAPLMIGO\TY:LCL_MIGO_FRAME\ME:PROCESS_MESSAGES\SE:BEGIN\EI</NAME>
     <FILE>b83b83b2</FILE>
    </item>
    <item>
     <NAME>\PR:SAPLMIGO\TY:LCL_MIGO_TREE\ME:HISTORY_READ\SE:END\EI</NAME>
     <FILE>601ea613</FILE>
    </item>
   </FILES>
   <SOTR>
    <item>
     <HEADER>
      <CONCEPT>00163E568DB11ED8AADDF58E5EF7CBC5</CONCEPT>
      <CREA_LAN>E</CREA_LAN>
      <TRALA_TYPE>1</TRALA_TYPE>
      <OBJID_VEC>AAI=</OBJID_VEC>
     </HEADER>
     <ENTRIES>
      <SOTR_TEXT>
       <CONCEPT>00163E568DB11ED8AADDF58E5EF7CBC5</CONCEPT>
       <LANGU>E</LANGU>
       <LFD_NUM>0001</LFD_NUM>
       <FLAG_CNTXT>X</FLAG_CNTXT>
       <STATUS>R</STATUS>
       <LENGTH>038</LENGTH>
       <TEXT>Imp. Enhancement for MIGO</TEXT>
      </SOTR_TEXT>
     </ENTRIES>
    </item>
   </SOTR>
   <SOTR_USE>
    <SOTR_USE>
     <PGMID>R3TR</PGMID>
     <OBJECT>ENHO</OBJECT>
     <OBJ_NAME>ZEHIM_MM_MIGO</OBJ_NAME>
     <CONCEPT>00163E568DB11ED8AADDF58E5EF7CBC5</CONCEPT>
     <LFD_NUM>0001</LFD_NUM>
    </SOTR_USE>
   </SOTR_USE>
  </asx:values>
 </asx:abap>
</abapGit>
