﻿<?xml version="1.0" encoding="utf-8"?>
<abapGit version="v1.0.0" serializer="LCL_OBJECT_ENHO" serializer_version="v1.0.0">
 <asx:abap xmlns:asx="http://www.sap.com/abapxml" version="1.0">
  <asx:values>
   <TOOL>BADI_IMPL</TOOL>
   <SHORTTEXT>Enh. Imp. for GR-Inspection-My Inbox</SHORTTEXT>
   <SPOT_NAME>/IWWRK/ES_TGW_CUSTOM_ATTRIBUTE</SPOT_NAME>
   <IMPL>
    <ENH_BADI_IMPL_DATA>
     <SPOT_NAME>/IWWRK/ES_TGW_CUSTOM_ATTRIBUTE</SPOT_NAME>
     <BADI_NAME>/IWWRK/BADI_TGW_CUSTOM_ATTR</BADI_NAME>
     <IMPL_NAME>ZBI_MM_GR_INSPECTION</IMPL_NAME>
     <IMPL_CLASS>ZCL_MM_GR_INSPECTION_DATA</IMPL_CLASS>
     <ACTIVE>X</ACTIVE>
     <FILTER_ROOT>
      <ENH_BADIIMPL_FILTER_ROOT>
       <ROOT>1</ROOT>
       <FILTERS>
        <ENH_BADIIMPL_FILTER_ID>
         <FILTER_NAME>TASK_DEFINITION_ID</FILTER_NAME>
         <ID>1</ID>
        </ENH_BADIIMPL_FILTER_ID>
       </FILTERS>
      </ENH_BADIIMPL_FILTER_ROOT>
     </FILTER_ROOT>
     <FILTER_VALUES>
      <ENH_BADIIMPL_FILTER_VALUE>
       <ID>1</ID>
       <FILTER_NAME>TASK_DEFINITION_ID</FILTER_NAME>
       <FILTER_TYPE>C</FILTER_TYPE>
       <COMPARE>=</COMPARE>
       <FILTER_CHAR_VALUE1>TS99900004</FILTER_CHAR_VALUE1>
       <CHECK_TYPE>SWD_STEP_T</CHECK_TYPE>
      </ENH_BADIIMPL_FILTER_VALUE>
     </FILTER_VALUES>
     <FILTERS>
      <ENH_BADI_FILTER_IMPL>
       <DISJ_IDX>1</DISJ_IDX>
       <CONJ_IDX>1</CONJ_IDX>
       <FILTER_NAME>TASK_DEFINITION_ID</FILTER_NAME>
       <FILTER_TYPE>C</FILTER_TYPE>
       <COMPARE>=</COMPARE>
       <FILTER_CHAR_VALUE1>TS99900004</FILTER_CHAR_VALUE1>
       <CHECK_TYPE>SWD_STEP_T</CHECK_TYPE>
      </ENH_BADI_FILTER_IMPL>
     </FILTERS>
     <IMPL_SHORTTEXT>badi. Imp. for GR-Inspection-My Inbox</IMPL_SHORTTEXT>
     <IMPL_SHORTTEXT_ID>00163E568DB11ED8ADC9237FB5DCDCF5</IMPL_SHORTTEXT_ID>
    </ENH_BADI_IMPL_DATA>
   </IMPL>
   <SOTR>
    <item>
     <HEADER>
      <CONCEPT>00163E568DB11ED8ADC91DD01AC57CF1</CONCEPT>
      <CREA_LAN>E</CREA_LAN>
      <TRALA_TYPE>1</TRALA_TYPE>
      <OBJID_VEC>AAI=</OBJID_VEC>
     </HEADER>
     <ENTRIES>
      <SOTR_TEXT>
       <CONCEPT>00163E568DB11ED8ADC91DD01AC57CF1</CONCEPT>
       <LANGU>E</LANGU>
       <LFD_NUM>0001</LFD_NUM>
       <FLAG_CNTXT>X</FLAG_CNTXT>
       <STATUS>R</STATUS>
       <LENGTH>054</LENGTH>
       <TEXT>Enh. Imp. for GR-Inspection-My Inbox</TEXT>
      </SOTR_TEXT>
     </ENTRIES>
    </item>
    <item>
     <HEADER>
      <CONCEPT>00163E568DB11ED8ADC9237FB5DCDCF5</CONCEPT>
      <CREA_LAN>E</CREA_LAN>
      <TRALA_TYPE>1</TRALA_TYPE>
      <OBJID_VEC>AAI=</OBJID_VEC>
     </HEADER>
     <ENTRIES>
      <SOTR_TEXT>
       <CONCEPT>00163E568DB11ED8ADC9237FB5DCDCF5</CONCEPT>
       <LANGU>E</LANGU>
       <LFD_NUM>0001</LFD_NUM>
       <FLAG_CNTXT>X</FLAG_CNTXT>
       <STATUS>R</STATUS>
       <LENGTH>056</LENGTH>
       <TEXT>badi. Imp. for GR-Inspection-My Inbox</TEXT>
      </SOTR_TEXT>
     </ENTRIES>
    </item>
   </SOTR>
   <SOTR_USE>
    <SOTR_USE>
     <PGMID>R3TR</PGMID>
     <OBJECT>ENHO</OBJECT>
     <OBJ_NAME>ZEI_MM_GR_INSPECTION</OBJ_NAME>
     <CONCEPT>00163E568DB11ED8ADC91DD01AC57CF1</CONCEPT>
     <LFD_NUM>0001</LFD_NUM>
    </SOTR_USE>
    <SOTR_USE>
     <PGMID>R3TR</PGMID>
     <OBJECT>ENHO</OBJECT>
     <OBJ_NAME>ZEI_MM_GR_INSPECTION</OBJ_NAME>
     <CONCEPT>00163E568DB11ED8ADC9237FB5DCDCF5</CONCEPT>
     <LFD_NUM>0001</LFD_NUM>
    </SOTR_USE>
   </SOTR_USE>
  </asx:values>
 </asx:abap>
</abapGit>
