﻿<?xml version="1.0" encoding="utf-8"?>
<abapGit version="v1.0.0" serializer="LCL_OBJECT_ENHO" serializer_version="v1.0.0">
 <asx:abap xmlns:asx="http://www.sap.com/abapxml" version="1.0">
  <asx:values>
   <TOOL>BADI_IMPL</TOOL>
   <SHORTTEXT>RFQ Lean Service changes</SHORTTEXT>
   <SPOT_NAME>ES_EAM_ORDER_PROCUREMENT</SPOT_NAME>
   <IMPL>
    <ENH_BADI_IMPL_DATA>
     <SPOT_NAME>ES_EAM_ORDER_PROCUREMENT</SPOT_NAME>
     <BADI_NAME>BADI_EAM_ORD_LEAN_SERVICE</BADI_NAME>
     <IMPL_NAME>ZENH_BADI_EAM_ORD_LEAN_SERVICE</IMPL_NAME>
     <IMPL_CLASS>ZCL_EAM_ORD_LEAN_SERVICE</IMPL_CLASS>
     <ACTIVE>X</ACTIVE>
     <IMPL_SHORTTEXT>Lean Service changes</IMPL_SHORTTEXT>
     <IMPL_SHORTTEXT_ID>00505687CD8B1EDC858C8C5198A1614A</IMPL_SHORTTEXT_ID>
    </ENH_BADI_IMPL_DATA>
   </IMPL>
   <SOTR>
    <item>
     <HEADER>
      <CONCEPT>00505687CD8B1EDC858C8749A436A146</CONCEPT>
      <CREA_LAN>E</CREA_LAN>
      <TRALA_TYPE>1</TRALA_TYPE>
      <OBJID_VEC>AAI=</OBJID_VEC>
     </HEADER>
     <ENTRIES>
      <SOTR_TEXT>
       <CONCEPT>00505687CD8B1EDC858C8749A436A146</CONCEPT>
       <LANGU>E</LANGU>
       <LFD_NUM>0001</LFD_NUM>
       <FLAG_CNTXT>X</FLAG_CNTXT>
       <STATUS>R</STATUS>
       <LENGTH>255</LENGTH>
       <TEXT>RFQ Lean Service changes</TEXT>
      </SOTR_TEXT>
     </ENTRIES>
    </item>
    <item>
     <HEADER>
      <CONCEPT>00505687CD8B1EDC858C8C5198A1614A</CONCEPT>
      <CREA_LAN>E</CREA_LAN>
      <TRALA_TYPE>1</TRALA_TYPE>
      <OBJID_VEC>AAI=</OBJID_VEC>
     </HEADER>
     <ENTRIES>
      <SOTR_TEXT>
       <CONCEPT>00505687CD8B1EDC858C8C5198A1614A</CONCEPT>
       <LANGU>E</LANGU>
       <LFD_NUM>0001</LFD_NUM>
       <FLAG_CNTXT>X</FLAG_CNTXT>
       <STATUS>R</STATUS>
       <LENGTH>255</LENGTH>
       <TEXT>Lean Service changes</TEXT>
      </SOTR_TEXT>
     </ENTRIES>
    </item>
   </SOTR>
   <SOTR_USE>
    <SOTR_USE>
     <PGMID>R3TR</PGMID>
     <OBJECT>ENHO</OBJECT>
     <OBJ_NAME>ZENH_BADI_EAM_ORD_LEAN_SERVICE</OBJ_NAME>
     <CONCEPT>00505687CD8B1EDC858C8749A436A146</CONCEPT>
     <LFD_NUM>0001</LFD_NUM>
    </SOTR_USE>
    <SOTR_USE>
     <PGMID>R3TR</PGMID>
     <OBJECT>ENHO</OBJECT>
     <OBJ_NAME>ZENH_BADI_EAM_ORD_LEAN_SERVICE</OBJ_NAME>
     <CONCEPT>00505687CD8B1EDC858C8C5198A1614A</CONCEPT>
     <LFD_NUM>0001</LFD_NUM>
    </SOTR_USE>
   </SOTR_USE>
  </asx:values>
 </asx:abap>
</abapGit>
