﻿<?xml version="1.0" encoding="utf-8"?>
<abapGit version="v1.0.0" serializer="LCL_OBJECT_ENHO" serializer_version="v1.0.0">
 <asx:abap xmlns:asx="http://www.sap.com/abapxml" version="1.0">
  <asx:values>
   <TOOL>HOOK_IMPL</TOOL>
   <SHORTTEXT>Reservation-Adding Consumption QTY Field for Changeble</SHORTTEXT>
   <ORIGINAL_OBJECT>
    <PGMID>R3TR</PGMID>
    <ORG_OBJ_TYPE>PROG</ORG_OBJ_TYPE>
    <ORG_OBJ_NAME>SAPMM07R</ORG_OBJ_NAME>
    <ORG_MAIN_TYPE>PROG</ORG_MAIN_TYPE>
    <ORG_MAIN_NAME>SAPMM07R</ORG_MAIN_NAME>
    <PROGRAMNAME>SAPMM07R</PROGRAMNAME>
   </ORIGINAL_OBJECT>
   <ENHANCEMENTS>
    <ENH_HOOK_IMPL>
     <PROGRAMNAME>SAPMM07R</PROGRAMNAME>
     <ENHMODE>D</ENHMODE>
     <FULL_NAME>\PR:SAPMM07R\FO:DATA_PRESET_EXTERNAL\SE:BEGIN\EI</FULL_NAME>
    </ENH_HOOK_IMPL>
   </ENHANCEMENTS>
   <FILES>
    <item>
     <NAME>\PR:SAPMM07R\FO:DATA_PRESET_EXTERNAL\SE:BEGIN\EI</NAME>
     <FILE>1d6bdd39</FILE>
    </item>
   </FILES>
   <SOTR>
    <item>
     <HEADER>
      <CONCEPT>00163E568DB11ED8BCF4DB79F4D78432</CONCEPT>
      <CREA_LAN>E</CREA_LAN>
      <TRALA_TYPE>1</TRALA_TYPE>
      <OBJID_VEC>AAI=</OBJID_VEC>
     </HEADER>
     <ENTRIES>
      <SOTR_TEXT>
       <CONCEPT>00163E568DB11ED8BCF4DB79F4D78432</CONCEPT>
       <LANGU>E</LANGU>
       <LFD_NUM>0001</LFD_NUM>
       <FLAG_CNTXT>X</FLAG_CNTXT>
       <STATUS>R</STATUS>
       <LENGTH>081</LENGTH>
       <TEXT>Reservation-Adding Consumption QTY Field for Changeble</TEXT>
      </SOTR_TEXT>
     </ENTRIES>
    </item>
   </SOTR>
   <SOTR_USE>
    <SOTR_USE>
     <PGMID>R3TR</PGMID>
     <OBJECT>ENHO</OBJECT>
     <OBJ_NAME>ZENH_MB_RESERVATION</OBJ_NAME>
     <CONCEPT>00163E568DB11ED8BCF4DB79F4D78432</CONCEPT>
     <LFD_NUM>0001</LFD_NUM>
    </SOTR_USE>
   </SOTR_USE>
  </asx:values>
 </asx:abap>
</abapGit>
