﻿<?xml version="1.0" encoding="utf-8"?>
<abapGit version="v1.0.0" serializer="LCL_OBJECT_ENHO" serializer_version="v1.0.0">
 <asx:abap xmlns:asx="http://www.sap.com/abapxml" version="1.0">
  <asx:values>
   <TOOL>HOOK_IMPL</TOOL>
   <SHORTTEXT>Custom Price field updation</SHORTTEXT>
   <ORIGINAL_OBJECT>
    <PGMID>R3TR</PGMID>
    <ORG_OBJ_TYPE>FUGR</ORG_OBJ_TYPE>
    <ORG_OBJ_NAME>MEGUI</ORG_OBJ_NAME>
    <ORG_MAIN_TYPE>FUGR</ORG_MAIN_TYPE>
    <ORG_MAIN_NAME>MEGUI</ORG_MAIN_NAME>
    <PROGRAMNAME>SAPLMEGUI</PROGRAMNAME>
   </ORIGINAL_OBJECT>
   <ENHANCEMENTS>
    <ENH_HOOK_IMPL>
     <PROGRAMNAME>SAPLMEGUI</PROGRAMNAME>
     <ENHMODE>D</ENHMODE>
     <FULL_NAME>\PR:SAPLMEGUI\TY:LCL_REQ_ITEM_GRID\ME:READ_FROM_CATALOG\SE:END\EI</FULL_NAME>
    </ENH_HOOK_IMPL>
   </ENHANCEMENTS>
   <FILES>
    <item>
     <NAME>\PR:SAPLMEGUI\TY:LCL_REQ_ITEM_GRID\ME:READ_FROM_CATALOG\SE:END\EI</NAME>
     <FILE>d0f3588a</FILE>
    </item>
   </FILES>
   <SOTR>
    <item>
     <HEADER>
      <CONCEPT>00163E568DB11EE8BEDF22F20F319510</CONCEPT>
      <CREA_LAN>E</CREA_LAN>
      <TRALA_TYPE>1</TRALA_TYPE>
      <OBJID_VEC>AAI=</OBJID_VEC>
     </HEADER>
     <ENTRIES>
      <SOTR_TEXT>
       <CONCEPT>00163E568DB11EE8BEDF22F20F319510</CONCEPT>
       <LANGU>E</LANGU>
       <LFD_NUM>0001</LFD_NUM>
       <FLAG_CNTXT>X</FLAG_CNTXT>
       <STATUS>R</STATUS>
       <LENGTH>041</LENGTH>
       <TEXT>Custom Price field updation</TEXT>
      </SOTR_TEXT>
     </ENTRIES>
    </item>
   </SOTR>
   <SOTR_USE>
    <SOTR_USE>
     <PGMID>R3TR</PGMID>
     <OBJECT>ENHO</OBJECT>
     <OBJ_NAME>ZENH_CATLOG_PRICE_UPDATE</OBJ_NAME>
     <CONCEPT>00163E568DB11EE8BEDF22F20F319510</CONCEPT>
     <LFD_NUM>0001</LFD_NUM>
    </SOTR_USE>
   </SOTR_USE>
  </asx:values>
 </asx:abap>
</abapGit>
