﻿<?xml version="1.0" encoding="utf-8"?>
<abapGit version="v1.0.0" serializer="LCL_OBJECT_ENHO" serializer_version="v1.0.0">
 <asx:abap xmlns:asx="http://www.sap.com/abapxml" version="1.0">
  <asx:values>
   <TOOL>HOOK_IMPL</TOOL>
   <SHORTTEXT>Change Deadline Error message to Warning message</SHORTTEXT>
   <ORIGINAL_OBJECT>
    <PGMID>R3TR</PGMID>
    <ORG_OBJ_TYPE>CLAS</ORG_OBJ_TYPE>
    <ORG_OBJ_NAME>CX_ARBFND_ROOT</ORG_OBJ_NAME>
    <ORG_MAIN_TYPE>CLAS</ORG_MAIN_TYPE>
    <ORG_MAIN_NAME>CX_ARBFND_ROOT</ORG_MAIN_NAME>
    <PROGRAMNAME>CX_ARBFND_ROOT================CP</PROGRAMNAME>
   </ORIGINAL_OBJECT>
   <ENHANCEMENTS>
    <ENH_HOOK_IMPL>
     <PROGRAMNAME>CX_ARBFND_ROOT================CP</PROGRAMNAME>
     <ENHMODE>D</ENHMODE>
     <FULL_NAME>\TY:CX_ARBFND_ROOT\ME:GET_MESSAGE_TABLE\SE:END\EI</FULL_NAME>
    </ENH_HOOK_IMPL>
   </ENHANCEMENTS>
   <FILES>
    <item>
     <NAME>\TY:CX_ARBFND_ROOT\ME:GET_MESSAGE_TABLE\SE:END\EI</NAME>
     <FILE>856b4e6c</FILE>
    </item>
   </FILES>
   <SOTR>
    <item>
     <HEADER>
      <CONCEPT>00163E568DB11EE984E49ECD52871BA4</CONCEPT>
      <CREA_LAN>E</CREA_LAN>
      <TRALA_TYPE>1</TRALA_TYPE>
      <OBJID_VEC>AAI=</OBJID_VEC>
     </HEADER>
     <ENTRIES>
      <SOTR_TEXT>
       <CONCEPT>00163E568DB11EE984E49ECD52871BA4</CONCEPT>
       <LANGU>E</LANGU>
       <LFD_NUM>0001</LFD_NUM>
       <FLAG_CNTXT>X</FLAG_CNTXT>
       <STATUS>R</STATUS>
       <LENGTH>072</LENGTH>
       <TEXT>Change Deadline Error message to Warning message</TEXT>
      </SOTR_TEXT>
     </ENTRIES>
    </item>
   </SOTR>
   <SOTR_USE>
    <SOTR_USE>
     <PGMID>R3TR</PGMID>
     <OBJECT>ENHO</OBJECT>
     <OBJ_NAME>ZENH_CX_ARBFND_ROOT</OBJ_NAME>
     <CONCEPT>00163E568DB11EE984E49ECD52871BA4</CONCEPT>
     <LFD_NUM>0001</LFD_NUM>
    </SOTR_USE>
   </SOTR_USE>
  </asx:values>
 </asx:abap>
</abapGit>
