﻿<?xml version="1.0" encoding="utf-8"?>
<abapGit version="v1.0.0" serializer="LCL_OBJECT_DTEL" serializer_version="v1.0.0">
 <asx:abap xmlns:asx="http://www.sap.com/abapxml" version="1.0">
  <asx:values>
   <DD04V>
    <ROLLNAME>ZMFLAG</ROLLNAME>
    <DDLANGUAGE>E</DDLANGUAGE>
    <DOMNAME>ZMFLAG</DOMNAME>
    <HEADLEN>11</HEADLEN>
    <SCRLEN1>05</SCRLEN1>
    <SCRLEN2>07</SCRLEN2>
    <SCRLEN3>10</SCRLEN3>
    <DDTEXT>Element for Opex/Capex indicator</DDTEXT>
    <REPTEXT>MFLAG</REPTEXT>
    <SCRTEXT_S>MFLAG</SCRTEXT_S>
    <SCRTEXT_M>MFLAG</SCRTEXT_M>
    <SCRTEXT_L>Indicator</SCRTEXT_L>
    <DTELMASTER>E</DTELMASTER>
    <REFKIND>D</REFKIND>
   </DD04V>
  </asx:values>
 </asx:abap>
</abapGit>
