﻿<?xml version="1.0" encoding="utf-8"?>
<abapGit version="v1.0.0" serializer="LCL_OBJECT_DTEL" serializer_version="v1.0.0">
 <asx:abap xmlns:asx="http://www.sap.com/abapxml" version="1.0">
  <asx:values>
   <DD04V>
    <ROLLNAME>ZMM_DE_ITMSTAT</ROLLNAME>
    <DDLANGUAGE>E</DDLANGUAGE>
    <DOMNAME>CHAR10</DOMNAME>
    <HEADLEN>20</HEADLEN>
    <SCRLEN1>10</SCRLEN1>
    <SCRLEN2>17</SCRLEN2>
    <SCRLEN3>20</SCRLEN3>
    <DDTEXT>Ariba Item Status</DDTEXT>
    <REPTEXT>Item Status in Ariba</REPTEXT>
    <SCRTEXT_S>ItemStatus</SCRTEXT_S>
    <SCRTEXT_M>Ariba Item Status</SCRTEXT_M>
    <SCRTEXT_L>Item Status in Ariba</SCRTEXT_L>
    <DTELMASTER>E</DTELMASTER>
    <REFKIND>D</REFKIND>
   </DD04V>
  </asx:values>
 </asx:abap>
</abapGit>
