﻿<?xml version="1.0" encoding="utf-8"?>
<abapGit version="v1.0.0" serializer="LCL_OBJECT_DTEL" serializer_version="v1.0.0">
 <asx:abap xmlns:asx="http://www.sap.com/abapxml" version="1.0">
  <asx:values>
   <DD04V>
    <ROLLNAME>ZMM_DE_OBJECT</ROLLNAME>
    <DDLANGUAGE>E</DDLANGUAGE>
    <DOMNAME>ZOBJECT</DOMNAME>
    <HEADLEN>14</HEADLEN>
    <SCRLEN1>06</SCRLEN1>
    <SCRLEN2>11</SCRLEN2>
    <SCRLEN3>14</SCRLEN3>
    <DDTEXT>Type of Object</DDTEXT>
    <REPTEXT>Type of Object</REPTEXT>
    <SCRTEXT_S>Object</SCRTEXT_S>
    <SCRTEXT_M>Object Type</SCRTEXT_M>
    <SCRTEXT_L>Type of Object</SCRTEXT_L>
    <DTELMASTER>E</DTELMASTER>
    <REFKIND>D</REFKIND>
   </DD04V>
  </asx:values>
 </asx:abap>
</abapGit>
