﻿<?xml version="1.0" encoding="utf-8"?>
<abapGit version="v1.0.0" serializer="LCL_OBJECT_DTEL" serializer_version="v1.0.0">
 <asx:abap xmlns:asx="http://www.sap.com/abapxml" version="1.0">
  <asx:values>
   <DD04V>
    <ROLLNAME>ZMM_DE_UPDSTAT</ROLLNAME>
    <DDLANGUAGE>E</DDLANGUAGE>
    <DOMNAME>ZARBUPDSTAT</DOMNAME>
    <HEADLEN>19</HEADLEN>
    <SCRLEN1>10</SCRLEN1>
    <SCRLEN2>19</SCRLEN2>
    <SCRLEN3>19</SCRLEN3>
    <DDTEXT>Ariba Update Status</DDTEXT>
    <REPTEXT>Ariba Update Status</REPTEXT>
    <SCRTEXT_S>ArbUpdStat</SCRTEXT_S>
    <SCRTEXT_M>Ariba Update Status</SCRTEXT_M>
    <SCRTEXT_L>Ariba Update Status</SCRTEXT_L>
    <DTELMASTER>E</DTELMASTER>
    <REFKIND>D</REFKIND>
   </DD04V>
  </asx:values>
 </asx:abap>
</abapGit>
