﻿<?xml version="1.0" encoding="utf-8"?>
<abapGit version="v1.0.0" serializer="LCL_OBJECT_DTEL" serializer_version="v1.0.0">
 <asx:abap xmlns:asx="http://www.sap.com/abapxml" version="1.0">
  <asx:values>
   <DD04V>
    <ROLLNAME>ZMM_DE_DEPT_NAME</ROLLNAME>
    <DDLANGUAGE>E</DDLANGUAGE>
    <DOMNAME>ZDEPT_NAME_D</DOMNAME>
    <HEADLEN>15</HEADLEN>
    <SCRLEN1>09</SCRLEN1>
    <SCRLEN2>15</SCRLEN2>
    <SCRLEN3>15</SCRLEN3>
    <DDTEXT>Department Name</DDTEXT>
    <REPTEXT>Department Name</REPTEXT>
    <SCRTEXT_S>Dept Name</SCRTEXT_S>
    <SCRTEXT_M>Department Name</SCRTEXT_M>
    <SCRTEXT_L>Department Name</SCRTEXT_L>
    <DTELMASTER>E</DTELMASTER>
    <REFKIND>D</REFKIND>
   </DD04V>
  </asx:values>
 </asx:abap>
</abapGit>
