﻿<?xml version="1.0" encoding="utf-8"?>
<abapGit version="v1.0.0" serializer="LCL_OBJECT_DTEL" serializer_version="v1.0.0">
 <asx:abap xmlns:asx="http://www.sap.com/abapxml" version="1.0">
  <asx:values>
   <DD04V>
    <ROLLNAME>ZMM_DE_CTRITM</ROLLNAME>
    <DDLANGUAGE>E</DDLANGUAGE>
    <DOMNAME>EBELP</DOMNAME>
    <HEADLEN>16</HEADLEN>
    <SCRLEN1>08</SCRLEN1>
    <SCRLEN2>16</SCRLEN2>
    <SCRLEN3>16</SCRLEN3>
    <DDTEXT>Contract Item No</DDTEXT>
    <REPTEXT>Contract Item No</REPTEXT>
    <SCRTEXT_S>Ctr Item</SCRTEXT_S>
    <SCRTEXT_M>Contract Item No</SCRTEXT_M>
    <SCRTEXT_L>Contract Item No</SCRTEXT_L>
    <DTELMASTER>E</DTELMASTER>
    <REFKIND>D</REFKIND>
   </DD04V>
  </asx:values>
 </asx:abap>
</abapGit>
