﻿<?xml version="1.0" encoding="utf-8"?>
<abapGit version="v1.0.0" serializer="LCL_OBJECT_DTEL" serializer_version="v1.0.0">
 <asx:abap xmlns:asx="http://www.sap.com/abapxml" version="1.0">
  <asx:values>
   <DD04V>
    <ROLLNAME>ZMM_DE_SLP</ROLLNAME>
    <DDLANGUAGE>E</DDLANGUAGE>
    <DOMNAME>WERT11</DOMNAME>
    <HEADLEN>24</HEADLEN>
    <SCRLEN1>10</SCRLEN1>
    <SCRLEN2>19</SCRLEN2>
    <SCRLEN3>24</SCRLEN3>
    <DDTEXT>Shortlisted Lowest Price</DDTEXT>
    <REPTEXT>Shortlisted Lowest Price</REPTEXT>
    <SCRTEXT_S>SLow Price</SCRTEXT_S>
    <SCRTEXT_M>Short. Lowest Price</SCRTEXT_M>
    <SCRTEXT_L>Shortlisted Lowest Price</SCRTEXT_L>
    <DTELMASTER>E</DTELMASTER>
    <REFKIND>D</REFKIND>
   </DD04V>
  </asx:values>
 </asx:abap>
</abapGit>
