﻿<?xml version="1.0" encoding="utf-8"?>
<abapGit version="v1.0.0" serializer="LCL_OBJECT_DTEL" serializer_version="v1.0.0">
 <asx:abap xmlns:asx="http://www.sap.com/abapxml" version="1.0">
  <asx:values>
   <DD04V>
    <ROLLNAME>ZMM_DE_VALUE</ROLLNAME>
    <DDLANGUAGE>E</DDLANGUAGE>
    <DOMNAME>ZVALUE</DOMNAME>
    <HEADLEN>17</HEADLEN>
    <SCRLEN1>09</SCRLEN1>
    <SCRLEN2>09</SCRLEN2>
    <SCRLEN3>17</SCRLEN3>
    <DDTEXT>Value for the key</DDTEXT>
    <REPTEXT>Value for the Key</REPTEXT>
    <SCRTEXT_S>Key Value</SCRTEXT_S>
    <SCRTEXT_M>Key Value</SCRTEXT_M>
    <SCRTEXT_L>Value for the Key</SCRTEXT_L>
    <DTELMASTER>E</DTELMASTER>
    <REFKIND>D</REFKIND>
   </DD04V>
  </asx:values>
 </asx:abap>
</abapGit>
