﻿<?xml version="1.0" encoding="utf-8"?>
<abapGit version="v1.0.0" serializer="LCL_OBJECT_DTEL" serializer_version="v1.0.0">
 <asx:abap xmlns:asx="http://www.sap.com/abapxml" version="1.0">
  <asx:values>
   <DD04V>
    <ROLLNAME>ZMM_DE_NETWORKID</ROLLNAME>
    <DDLANGUAGE>E</DDLANGUAGE>
    <DOMNAME>CHAR60</DOMNAME>
    <HEADLEN>16</HEADLEN>
    <SCRLEN1>10</SCRLEN1>
    <SCRLEN2>16</SCRLEN2>
    <SCRLEN3>16</SCRLEN3>
    <DDTEXT>Ariba Network ID</DDTEXT>
    <REPTEXT>Ariba Network ID</REPTEXT>
    <SCRTEXT_S>Network ID</SCRTEXT_S>
    <SCRTEXT_M>Ariba Network ID</SCRTEXT_M>
    <SCRTEXT_L>Ariba Network ID</SCRTEXT_L>
    <DTELMASTER>E</DTELMASTER>
    <REFKIND>D</REFKIND>
   </DD04V>
  </asx:values>
 </asx:abap>
</abapGit>
