﻿<?xml version="1.0" encoding="utf-8"?>
<abapGit version="v1.0.0" serializer="LCL_OBJECT_DTEL" serializer_version="v1.0.0">
 <asx:abap xmlns:asx="http://www.sap.com/abapxml" version="1.0">
  <asx:values>
   <DD04V>
    <ROLLNAME>ZMM_DE_PRICE</ROLLNAME>
    <DDLANGUAGE>E</DDLANGUAGE>
    <DOMNAME>XFELD</DOMNAME>
    <HEADLEN>20</HEADLEN>
    <SCRLEN1>10</SCRLEN1>
    <SCRLEN2>20</SCRLEN2>
    <SCRLEN3>20</SCRLEN3>
    <DDTEXT>Prices Fetched (Y/N)</DDTEXT>
    <REPTEXT>Prices Fetched (Y/N)</REPTEXT>
    <SCRTEXT_S>Prices-Y/N</SCRTEXT_S>
    <SCRTEXT_M>Prices Fetched (Y/N)</SCRTEXT_M>
    <SCRTEXT_L>Prices Fetched (Y/N)</SCRTEXT_L>
    <DTELMASTER>E</DTELMASTER>
    <REFKIND>D</REFKIND>
   </DD04V>
  </asx:values>
 </asx:abap>
</abapGit>
