﻿<?xml version="1.0" encoding="utf-8"?>
<abapGit version="v1.0.0" serializer="LCL_OBJECT_DTEL" serializer_version="v1.0.0">
 <asx:abap xmlns:asx="http://www.sap.com/abapxml" version="1.0">
  <asx:values>
   <DD04V>
    <ROLLNAME>ZMM_DE_LASTRUN_TS</ROLLNAME>
    <DDLANGUAGE>E</DDLANGUAGE>
    <DOMNAME>ZLASTRUN_TS</DOMNAME>
    <HEADLEN>19</HEADLEN>
    <SCRLEN1>09</SCRLEN1>
    <SCRLEN2>19</SCRLEN2>
    <SCRLEN3>19</SCRLEN3>
    <DDTEXT>Last Run Time Stamp</DDTEXT>
    <REPTEXT>Last Run Time Stamp</REPTEXT>
    <SCRTEXT_S>LastRunTm</SCRTEXT_S>
    <SCRTEXT_M>Last Run Time Stamp</SCRTEXT_M>
    <SCRTEXT_L>Last Run Time Stamp</SCRTEXT_L>
    <DTELMASTER>E</DTELMASTER>
    <REFKIND>D</REFKIND>
   </DD04V>
  </asx:values>
 </asx:abap>
</abapGit>
