﻿<?xml version="1.0" encoding="utf-8"?>
<abapGit version="v1.0.0" serializer="LCL_OBJECT_CLAS" serializer_version="v1.0.0">
 <asx:abap xmlns:asx="http://www.sap.com/abapxml" version="1.0">
  <asx:values>
   <VSEOCLASS>
    <CLSNAME>ZMM_GR_SES_AUTOMATON</CLSNAME>
    <LANGU>E</LANGU>
    <DESCRIPT>For GR &amp; SES Automation</DESCRIPT>
    <STATE>1</STATE>
    <CLSCCINCL>X</CLSCCINCL>
    <FIXPT>X</FIXPT>
    <UNICODE>X</UNICODE>
   </VSEOCLASS>
   <DESCRIPTIONS>
    <SEOCOMPOTX>
     <CMPNAME>APPROVE_SES</CMPNAME>
     <LANGU>E</LANGU>
     <DESCRIPT>Approve SES Document</DESCRIPT>
    </SEOCOMPOTX>
    <SEOCOMPOTX>
     <CMPNAME>GR_SES_POST</CMPNAME>
     <LANGU>E</LANGU>
     <DESCRIPT>Post GR after Invoice sits in Integration Layer</DESCRIPT>
    </SEOCOMPOTX>
    <SEOCOMPOTX>
     <CMPNAME>INVOICE_CREATED</CMPNAME>
     <LANGU>E</LANGU>
     <DESCRIPT>Invoice in Ariba created and sits in Integration Layer</DESCRIPT>
    </SEOCOMPOTX>
    <SEOCOMPOTX>
     <CMPNAME>INVOICE_ZASE_ZNIT</CMPNAME>
     <LANGU>E</LANGU>
     <DESCRIPT>Invoice in Ariba created for mat type ZASE &amp; ZNIT</DESCRIPT>
    </SEOCOMPOTX>
    <SEOCOMPOTX>
     <CMPNAME>NLAG_GR_POST</CMPNAME>
     <LANGU>E</LANGU>
     <DESCRIPT>Post GR after Invoice sits in Integration Layer</DESCRIPT>
    </SEOCOMPOTX>
    <SEOCOMPOTX>
     <CMPNAME>REJECTION_MAIL</CMPNAME>
     <LANGU>E</LANGU>
     <DESCRIPT>Post GR after Invoice sits in Integration Layer</DESCRIPT>
    </SEOCOMPOTX>
    <SEOCOMPOTX>
     <CMPNAME>SEND_GR_SES_APR_FAIL_NOTIF</CMPNAME>
     <LANGU>E</LANGU>
     <DESCRIPT>Sending GR/SES Approval Failure Notification</DESCRIPT>
    </SEOCOMPOTX>
    <SEOCOMPOTX>
     <CMPNAME>SEND_UD_EMAIL</CMPNAME>
     <LANGU>E</LANGU>
     <DESCRIPT>Send User Decision Mail onse SES created</DESCRIPT>
    </SEOCOMPOTX>
    <SEOCOMPOTX>
     <CMPNAME>SERV_GR_POST</CMPNAME>
     <LANGU>E</LANGU>
     <DESCRIPT>SES document GR Posting</DESCRIPT>
    </SEOCOMPOTX>
    <SEOCOMPOTX>
     <CMPNAME>SES_CREATE</CMPNAME>
     <LANGU>E</LANGU>
     <DESCRIPT>Create SES after Invoice comes from Ariba</DESCRIPT>
    </SEOCOMPOTX>
    <SEOCOMPOTX>
     <CMPNAME>ZASE_GR_POST</CMPNAME>
     <LANGU>E</LANGU>
     <DESCRIPT>Post GR after Invoice sits in Integration Layer</DESCRIPT>
    </SEOCOMPOTX>
    <SEOCOMPOTX>
     <CMPNAME>ZNIT_GR_POST</CMPNAME>
     <LANGU>E</LANGU>
     <DESCRIPT>Post GR after Invoice sits in Integration Layer</DESCRIPT>
    </SEOCOMPOTX>
   </DESCRIPTIONS>
   <DESCRIPTIONS_SUB>
    <SEOSUBCOTX>
     <CMPNAME>APPROVE_SES</CMPNAME>
     <SCONAME>EV_APPROVAL_STATUS</SCONAME>
     <LANGU>E</LANGU>
     <DESCRIPT>Approval Status for Service Entry Sheet</DESCRIPT>
    </SEOSUBCOTX>
    <SEOSUBCOTX>
     <CMPNAME>APPROVE_SES</CMPNAME>
     <SCONAME>EV_ERROR</SCONAME>
     <LANGU>E</LANGU>
     <DESCRIPT>Error Flag</DESCRIPT>
    </SEOSUBCOTX>
    <SEOSUBCOTX>
     <CMPNAME>APPROVE_SES</CMPNAME>
     <SCONAME>IV_EBELN</SCONAME>
     <LANGU>E</LANGU>
     <DESCRIPT>Purchasing Document Number</DESCRIPT>
    </SEOSUBCOTX>
    <SEOSUBCOTX>
     <CMPNAME>APPROVE_SES</CMPNAME>
     <SCONAME>IV_INVOICE_ID</SCONAME>
     <LANGU>E</LANGU>
     <DESCRIPT>INVOICE_ID</DESCRIPT>
    </SEOSUBCOTX>
    <SEOSUBCOTX>
     <CMPNAME>APPROVE_SES</CMPNAME>
     <SCONAME>LV_SES</SCONAME>
     <LANGU>E</LANGU>
     <DESCRIPT>Service Entry Sheet</DESCRIPT>
    </SEOSUBCOTX>
    <SEOSUBCOTX>
     <CMPNAME>GR_SES_POST</CMPNAME>
     <SCONAME>EBELN</SCONAME>
     <LANGU>E</LANGU>
     <DESCRIPT>Purchasing Document Number</DESCRIPT>
    </SEOSUBCOTX>
    <SEOSUBCOTX>
     <CMPNAME>GR_SES_POST</CMPNAME>
     <SCONAME>IM_EKPO</SCONAME>
     <LANGU>E</LANGU>
     <DESCRIPT>For GR &amp; SES automation</DESCRIPT>
    </SEOSUBCOTX>
    <SEOSUBCOTX>
     <CMPNAME>GR_SES_POST</CMPNAME>
     <SCONAME>INVOICE_ID</SCONAME>
     <LANGU>E</LANGU>
     <DESCRIPT>INVOICE_ID</DESCRIPT>
    </SEOSUBCOTX>
    <SEOSUBCOTX>
     <CMPNAME>GR_SES_POST</CMPNAME>
     <SCONAME>LV_SES</SCONAME>
     <LANGU>E</LANGU>
     <DESCRIPT>Service Entry Sheet</DESCRIPT>
    </SEOSUBCOTX>
    <SEOSUBCOTX>
     <CMPNAME>GR_SES_POST</CMPNAME>
     <SCONAME>MAT_TYPE</SCONAME>
     <LANGU>E</LANGU>
     <DESCRIPT>Material type</DESCRIPT>
    </SEOSUBCOTX>
    <SEOSUBCOTX>
     <CMPNAME>INVOICE_CREATED</CMPNAME>
     <SCONAME>EBELN</SCONAME>
     <LANGU>E</LANGU>
     <DESCRIPT>Purchasing Document Number</DESCRIPT>
    </SEOSUBCOTX>
    <SEOSUBCOTX>
     <CMPNAME>INVOICE_CREATED</CMPNAME>
     <SCONAME>IM_EKPO</SCONAME>
     <LANGU>E</LANGU>
     <DESCRIPT>For GR &amp; SES automation</DESCRIPT>
    </SEOSUBCOTX>
    <SEOSUBCOTX>
     <CMPNAME>INVOICE_CREATED</CMPNAME>
     <SCONAME>INVOICE_ID</SCONAME>
     <LANGU>E</LANGU>
     <DESCRIPT>INVOICE_ID</DESCRIPT>
    </SEOSUBCOTX>
    <SEOSUBCOTX>
     <CMPNAME>INVOICE_CREATED</CMPNAME>
     <SCONAME>LV_SES</SCONAME>
     <LANGU>E</LANGU>
     <DESCRIPT>Service Entry Sheet</DESCRIPT>
    </SEOSUBCOTX>
    <SEOSUBCOTX>
     <CMPNAME>INVOICE_CREATED</CMPNAME>
     <SCONAME>MAT_TYPE</SCONAME>
     <LANGU>E</LANGU>
     <DESCRIPT>Material type</DESCRIPT>
    </SEOSUBCOTX>
    <SEOSUBCOTX>
     <CMPNAME>INVOICE_ZASE_ZNIT</CMPNAME>
     <SCONAME>EBELN</SCONAME>
     <LANGU>E</LANGU>
     <DESCRIPT>Purchasing Document Number</DESCRIPT>
    </SEOSUBCOTX>
    <SEOSUBCOTX>
     <CMPNAME>INVOICE_ZASE_ZNIT</CMPNAME>
     <SCONAME>IM_DEL</SCONAME>
     <LANGU>E</LANGU>
     <DESCRIPT>Delivery</DESCRIPT>
    </SEOSUBCOTX>
    <SEOSUBCOTX>
     <CMPNAME>INVOICE_ZASE_ZNIT</CMPNAME>
     <SCONAME>IM_EKPO</SCONAME>
     <LANGU>E</LANGU>
     <DESCRIPT>Table type for structure ZTY_PO_REF</DESCRIPT>
    </SEOSUBCOTX>
    <SEOSUBCOTX>
     <CMPNAME>INVOICE_ZASE_ZNIT</CMPNAME>
     <SCONAME>INVOICE_ID</SCONAME>
     <LANGU>E</LANGU>
     <DESCRIPT>INVOICE_ID</DESCRIPT>
    </SEOSUBCOTX>
    <SEOSUBCOTX>
     <CMPNAME>INVOICE_ZASE_ZNIT</CMPNAME>
     <SCONAME>LV_SES</SCONAME>
     <LANGU>E</LANGU>
     <DESCRIPT>Service Entry Sheet</DESCRIPT>
    </SEOSUBCOTX>
    <SEOSUBCOTX>
     <CMPNAME>INVOICE_ZASE_ZNIT</CMPNAME>
     <SCONAME>MAT_TYPE</SCONAME>
     <LANGU>E</LANGU>
     <DESCRIPT>Material type</DESCRIPT>
    </SEOSUBCOTX>
    <SEOSUBCOTX>
     <CMPNAME>NLAG_GR_POST</CMPNAME>
     <SCONAME>EBELN</SCONAME>
     <LANGU>E</LANGU>
     <DESCRIPT>Purchasing Document Number</DESCRIPT>
    </SEOSUBCOTX>
    <SEOSUBCOTX>
     <CMPNAME>NLAG_GR_POST</CMPNAME>
     <SCONAME>EV_ERROR</SCONAME>
     <LANGU>E</LANGU>
     <DESCRIPT>Error Flag</DESCRIPT>
    </SEOSUBCOTX>
    <SEOSUBCOTX>
     <CMPNAME>NLAG_GR_POST</CMPNAME>
     <SCONAME>EV_WF_STATUS</SCONAME>
     <LANGU>E</LANGU>
     <DESCRIPT>Processing Status of a Work Item</DESCRIPT>
    </SEOSUBCOTX>
    <SEOSUBCOTX>
     <CMPNAME>NLAG_GR_POST</CMPNAME>
     <SCONAME>INVOICE_ID</SCONAME>
     <LANGU>E</LANGU>
     <DESCRIPT>INVOICE_ID</DESCRIPT>
    </SEOSUBCOTX>
    <SEOSUBCOTX>
     <CMPNAME>NLAG_GR_POST</CMPNAME>
     <SCONAME>LV_SES</SCONAME>
     <LANGU>E</LANGU>
     <DESCRIPT>Service Entry Sheet</DESCRIPT>
    </SEOSUBCOTX>
    <SEOSUBCOTX>
     <CMPNAME>NLAG_GR_POST</CMPNAME>
     <SCONAME>MAT_TYPE</SCONAME>
     <LANGU>E</LANGU>
     <DESCRIPT>Material type</DESCRIPT>
    </SEOSUBCOTX>
    <SEOSUBCOTX>
     <CMPNAME>REJECTION_MAIL</CMPNAME>
     <SCONAME>EBELN</SCONAME>
     <LANGU>E</LANGU>
     <DESCRIPT>Purchasing Document Number</DESCRIPT>
    </SEOSUBCOTX>
    <SEOSUBCOTX>
     <CMPNAME>REJECTION_MAIL</CMPNAME>
     <SCONAME>INVOICE_ID</SCONAME>
     <LANGU>E</LANGU>
     <DESCRIPT>INVOICE_ID</DESCRIPT>
    </SEOSUBCOTX>
    <SEOSUBCOTX>
     <CMPNAME>REJECTION_MAIL</CMPNAME>
     <SCONAME>LV_SES</SCONAME>
     <LANGU>E</LANGU>
     <DESCRIPT>Service Entry Sheet</DESCRIPT>
    </SEOSUBCOTX>
    <SEOSUBCOTX>
     <CMPNAME>REJECTION_MAIL</CMPNAME>
     <SCONAME>MAT_TYPE</SCONAME>
     <LANGU>E</LANGU>
     <DESCRIPT>Material type</DESCRIPT>
    </SEOSUBCOTX>
    <SEOSUBCOTX>
     <CMPNAME>SEND_GR_SES_APR_FAIL_NOTIF</CMPNAME>
     <SCONAME>IT_LOG</SCONAME>
     <LANGU>E</LANGU>
     <DESCRIPT>Table type for Table ZMM_GR_SES_WF_LG</DESCRIPT>
    </SEOSUBCOTX>
    <SEOSUBCOTX>
     <CMPNAME>SEND_GR_SES_APR_FAIL_NOTIF</CMPNAME>
     <SCONAME>IT_PO_REF</SCONAME>
     <LANGU>E</LANGU>
     <DESCRIPT>Table type for Transparent Table ZMM_TT_PO_REF</DESCRIPT>
    </SEOSUBCOTX>
    <SEOSUBCOTX>
     <CMPNAME>SEND_GR_SES_APR_FAIL_NOTIF</CMPNAME>
     <SCONAME>IV_EBELN</SCONAME>
     <LANGU>E</LANGU>
     <DESCRIPT>Purchasing Document Number</DESCRIPT>
    </SEOSUBCOTX>
    <SEOSUBCOTX>
     <CMPNAME>SEND_GR_SES_APR_FAIL_NOTIF</CMPNAME>
     <SCONAME>IV_INVOICE_ID</SCONAME>
     <LANGU>E</LANGU>
     <DESCRIPT>INVOICE_ID</DESCRIPT>
    </SEOSUBCOTX>
    <SEOSUBCOTX>
     <CMPNAME>SEND_GR_SES_APR_FAIL_NOTIF</CMPNAME>
     <SCONAME>IV_MAT_TYPE</SCONAME>
     <LANGU>E</LANGU>
     <DESCRIPT>Material type</DESCRIPT>
    </SEOSUBCOTX>
    <SEOSUBCOTX>
     <CMPNAME>SEND_GR_SES_APR_FAIL_NOTIF</CMPNAME>
     <SCONAME>IV_SES</SCONAME>
     <LANGU>E</LANGU>
     <DESCRIPT>Service Entry Sheet</DESCRIPT>
    </SEOSUBCOTX>
    <SEOSUBCOTX>
     <CMPNAME>SEND_UD_EMAIL</CMPNAME>
     <SCONAME>EBELN</SCONAME>
     <LANGU>E</LANGU>
     <DESCRIPT>Purchasing Document Number</DESCRIPT>
    </SEOSUBCOTX>
    <SEOSUBCOTX>
     <CMPNAME>SEND_UD_EMAIL</CMPNAME>
     <SCONAME>LV_SES</SCONAME>
     <LANGU>E</LANGU>
     <DESCRIPT>Service Entry Sheet</DESCRIPT>
    </SEOSUBCOTX>
    <SEOSUBCOTX>
     <CMPNAME>SEND_UD_EMAIL</CMPNAME>
     <SCONAME>MAT_TYPE</SCONAME>
     <LANGU>E</LANGU>
     <DESCRIPT>Material type</DESCRIPT>
    </SEOSUBCOTX>
    <SEOSUBCOTX>
     <CMPNAME>SEND_UD_EMAIL</CMPNAME>
     <SCONAME>WI_ID</SCONAME>
     <LANGU>E</LANGU>
     <DESCRIPT>Work item ID</DESCRIPT>
    </SEOSUBCOTX>
    <SEOSUBCOTX>
     <CMPNAME>SERV_GR_POST</CMPNAME>
     <SCONAME>LV_SES</SCONAME>
     <LANGU>E</LANGU>
     <DESCRIPT>Service Entry Sheet</DESCRIPT>
    </SEOSUBCOTX>
    <SEOSUBCOTX>
     <CMPNAME>SES_CREATE</CMPNAME>
     <SCONAME>EBELN</SCONAME>
     <LANGU>E</LANGU>
     <DESCRIPT>Purchasing Document Number</DESCRIPT>
    </SEOSUBCOTX>
    <SEOSUBCOTX>
     <CMPNAME>SES_CREATE</CMPNAME>
     <SCONAME>INVOICE_DATE</SCONAME>
     <LANGU>E</LANGU>
     <DESCRIPT>Invoice Date</DESCRIPT>
    </SEOSUBCOTX>
    <SEOSUBCOTX>
     <CMPNAME>SES_CREATE</CMPNAME>
     <SCONAME>INVOICE_ID</SCONAME>
     <LANGU>E</LANGU>
     <DESCRIPT>Invoice Date</DESCRIPT>
    </SEOSUBCOTX>
    <SEOSUBCOTX>
     <CMPNAME>SES_CREATE</CMPNAME>
     <SCONAME>LT_PO_REF</SCONAME>
     <LANGU>E</LANGU>
     <DESCRIPT>For GR &amp; SES automation</DESCRIPT>
    </SEOSUBCOTX>
    <SEOSUBCOTX>
     <CMPNAME>SES_CREATE</CMPNAME>
     <SCONAME>LV_SES</SCONAME>
     <LANGU>E</LANGU>
     <DESCRIPT>Service Entry Sheet</DESCRIPT>
    </SEOSUBCOTX>
    <SEOSUBCOTX>
     <CMPNAME>SES_CREATE</CMPNAME>
     <SCONAME>MAT_TYPE</SCONAME>
     <LANGU>E</LANGU>
     <DESCRIPT>Material type</DESCRIPT>
    </SEOSUBCOTX>
    <SEOSUBCOTX>
     <CMPNAME>SES_CREATE</CMPNAME>
     <SCONAME>PAYLOAD_ID</SCONAME>
     <LANGU>E</LANGU>
     <DESCRIPT>PAYLOAD_ID</DESCRIPT>
    </SEOSUBCOTX>
    <SEOSUBCOTX>
     <CMPNAME>ZASE_GR_POST</CMPNAME>
     <SCONAME>EBELN</SCONAME>
     <LANGU>E</LANGU>
     <DESCRIPT>Purchasing Document Number</DESCRIPT>
    </SEOSUBCOTX>
    <SEOSUBCOTX>
     <CMPNAME>ZASE_GR_POST</CMPNAME>
     <SCONAME>EV_ERROR</SCONAME>
     <LANGU>E</LANGU>
     <DESCRIPT>Error Flag</DESCRIPT>
    </SEOSUBCOTX>
    <SEOSUBCOTX>
     <CMPNAME>ZASE_GR_POST</CMPNAME>
     <SCONAME>EV_WF_STATUS</SCONAME>
     <LANGU>E</LANGU>
     <DESCRIPT>Processing Status of a Work Item</DESCRIPT>
    </SEOSUBCOTX>
    <SEOSUBCOTX>
     <CMPNAME>ZASE_GR_POST</CMPNAME>
     <SCONAME>IM_DEL</SCONAME>
     <LANGU>E</LANGU>
     <DESCRIPT>Delivery</DESCRIPT>
    </SEOSUBCOTX>
    <SEOSUBCOTX>
     <CMPNAME>ZASE_GR_POST</CMPNAME>
     <SCONAME>INVOICE_ID</SCONAME>
     <LANGU>E</LANGU>
     <DESCRIPT>INVOICE_ID</DESCRIPT>
    </SEOSUBCOTX>
    <SEOSUBCOTX>
     <CMPNAME>ZASE_GR_POST</CMPNAME>
     <SCONAME>LV_SES</SCONAME>
     <LANGU>E</LANGU>
     <DESCRIPT>Service Entry Sheet</DESCRIPT>
    </SEOSUBCOTX>
    <SEOSUBCOTX>
     <CMPNAME>ZASE_GR_POST</CMPNAME>
     <SCONAME>MAT_TYPE</SCONAME>
     <LANGU>E</LANGU>
     <DESCRIPT>Material type</DESCRIPT>
    </SEOSUBCOTX>
    <SEOSUBCOTX>
     <CMPNAME>ZNIT_GR_POST</CMPNAME>
     <SCONAME>EBELN</SCONAME>
     <LANGU>E</LANGU>
     <DESCRIPT>Purchasing Document Number</DESCRIPT>
    </SEOSUBCOTX>
    <SEOSUBCOTX>
     <CMPNAME>ZNIT_GR_POST</CMPNAME>
     <SCONAME>EV_ERROR</SCONAME>
     <LANGU>E</LANGU>
     <DESCRIPT>Error Flag</DESCRIPT>
    </SEOSUBCOTX>
    <SEOSUBCOTX>
     <CMPNAME>ZNIT_GR_POST</CMPNAME>
     <SCONAME>EV_WF_STATUS</SCONAME>
     <LANGU>E</LANGU>
     <DESCRIPT>Processing Status of a Work Item</DESCRIPT>
    </SEOSUBCOTX>
    <SEOSUBCOTX>
     <CMPNAME>ZNIT_GR_POST</CMPNAME>
     <SCONAME>IM_DEL</SCONAME>
     <LANGU>E</LANGU>
     <DESCRIPT>Delivery</DESCRIPT>
    </SEOSUBCOTX>
    <SEOSUBCOTX>
     <CMPNAME>ZNIT_GR_POST</CMPNAME>
     <SCONAME>INVOICE_ID</SCONAME>
     <LANGU>E</LANGU>
     <DESCRIPT>INVOICE_ID</DESCRIPT>
    </SEOSUBCOTX>
    <SEOSUBCOTX>
     <CMPNAME>ZNIT_GR_POST</CMPNAME>
     <SCONAME>LV_SES</SCONAME>
     <LANGU>E</LANGU>
     <DESCRIPT>Service Entry Sheet</DESCRIPT>
    </SEOSUBCOTX>
    <SEOSUBCOTX>
     <CMPNAME>ZNIT_GR_POST</CMPNAME>
     <SCONAME>MAT_TYPE</SCONAME>
     <LANGU>E</LANGU>
     <DESCRIPT>Material type</DESCRIPT>
    </SEOSUBCOTX>
   </DESCRIPTIONS_SUB>
  </asx:values>
 </asx:abap>
</abapGit>
