﻿<?xml version="1.0" encoding="utf-8"?>
<abapGit version="v1.0.0" serializer="LCL_OBJECT_CLAS" serializer_version="v1.0.0">
 <asx:abap xmlns:asx="http://www.sap.com/abapxml" version="1.0">
  <asx:values>
   <VSEOCLASS>
    <CLSNAME>ZMM_FIORI_SES_APPROVAL</CLSNAME>
    <LANGU>E</LANGU>
    <DESCRIPT> test</DESCRIPT>
    <STATE>1</STATE>
    <CLSCCINCL>X</CLSCCINCL>
    <FIXPT>X</FIXPT>
    <UNICODE>X</UNICODE>
   </VSEOCLASS>
   <DESCRIPTIONS_SUB>
    <SEOSUBCOTX>
     <CMPNAME>APPROVE_SES</CMPNAME>
     <SCONAME>ET_RETURN</SCONAME>
     <LANGU>E</LANGU>
     <DESCRIPT>Table with BAPI Return Information</DESCRIPT>
    </SEOSUBCOTX>
    <SEOSUBCOTX>
     <CMPNAME>APPROVE_SES</CMPNAME>
     <SCONAME>EV_APPROVAL_STATUS</SCONAME>
     <LANGU>E</LANGU>
     <DESCRIPT>Approval Status for Service Entry Sheet</DESCRIPT>
    </SEOSUBCOTX>
    <SEOSUBCOTX>
     <CMPNAME>APPROVE_SES</CMPNAME>
     <SCONAME>LV_SES</SCONAME>
     <LANGU>E</LANGU>
     <DESCRIPT>Service Entry Sheet</DESCRIPT>
    </SEOSUBCOTX>
    <SEOSUBCOTX>
     <CMPNAME>SEND_FOR_APPROVAL</CMPNAME>
     <SCONAME>LV_SES</SCONAME>
     <LANGU>E</LANGU>
     <DESCRIPT>Service Entry Sheet</DESCRIPT>
    </SEOSUBCOTX>
    <SEOSUBCOTX>
     <CMPNAME>SES_STATUS_CHANGE</CMPNAME>
     <SCONAME>IV_STATUS</SCONAME>
     <LANGU>E</LANGU>
     <DESCRIPT>Approval Status for Service Entry Sheet</DESCRIPT>
    </SEOSUBCOTX>
    <SEOSUBCOTX>
     <CMPNAME>SES_STATUS_CHANGE</CMPNAME>
     <SCONAME>LV_SES</SCONAME>
     <LANGU>E</LANGU>
     <DESCRIPT>Service Entry Sheet</DESCRIPT>
    </SEOSUBCOTX>
   </DESCRIPTIONS_SUB>
  </asx:values>
 </asx:abap>
</abapGit>
