﻿<?xml version="1.0" encoding="utf-8"?>
<abapGit version="v1.0.0" serializer="LCL_OBJECT_DTEL" serializer_version="v1.0.0">
 <asx:abap xmlns:asx="http://www.sap.com/abapxml" version="1.0">
  <asx:values>
   <DD04V>
    <ROLLNAME>ZMM_DE_MAT_GROUP_IR</ROLLNAME>
    <DDLANGUAGE>E</DDLANGUAGE>
    <DOMNAME>ZMAT_GROUP_IR</DOMNAME>
    <HEADLEN>14</HEADLEN>
    <SCRLEN1>10</SCRLEN1>
    <SCRLEN2>14</SCRLEN2>
    <SCRLEN3>14</SCRLEN3>
    <DDTEXT>Material Group for IR</DDTEXT>
    <REPTEXT>Material Group</REPTEXT>
    <SCRTEXT_S>Mat. Group</SCRTEXT_S>
    <SCRTEXT_M>Material Group</SCRTEXT_M>
    <SCRTEXT_L>Material Group</SCRTEXT_L>
    <DTELMASTER>E</DTELMASTER>
    <REFKIND>D</REFKIND>
   </DD04V>
  </asx:values>
 </asx:abap>
</abapGit>
