﻿<?xml version="1.0" encoding="utf-8"?>
<abapGit version="v1.0.0" serializer="LCL_OBJECT_CLAS" serializer_version="v1.0.0">
 <asx:abap xmlns:asx="http://www.sap.com/abapxml" version="1.0">
  <asx:values>
   <VSEOCLASS>
    <CLSNAME>ZMM_GR_SES_AUTOMATON_EXIT</CLSNAME>
    <LANGU>E</LANGU>
    <DESCRIPT>WF Exit for ZMM _GR_SES_AUTOMATON</DESCRIPT>
    <STATE>1</STATE>
    <CLSCCINCL>X</CLSCCINCL>
    <FIXPT>X</FIXPT>
    <UNICODE>X</UNICODE>
   </VSEOCLASS>
   <DESCRIPTIONS>
    <SEOCOMPOTX>
     <CMPNAME>AFTER_WI_CREATION</CMPNAME>
     <LANGU>E</LANGU>
     <DESCRIPT>After WI Creation</DESCRIPT>
    </SEOCOMPOTX>
    <SEOCOMPOTX>
     <CMPNAME>WI_CONTEXT</CMPNAME>
     <LANGU>E</LANGU>
     <DESCRIPT>Context for Work Item</DESCRIPT>
    </SEOCOMPOTX>
   </DESCRIPTIONS>
   <DESCRIPTIONS_SUB>
    <SEOSUBCOTX>
     <CMPNAME>SEND_UD_EMAIL</CMPNAME>
     <SCONAME>EBELN</SCONAME>
     <LANGU>E</LANGU>
     <DESCRIPT>Purchasing Document Number</DESCRIPT>
    </SEOSUBCOTX>
    <SEOSUBCOTX>
     <CMPNAME>SEND_UD_EMAIL</CMPNAME>
     <SCONAME>IM_DEL</SCONAME>
     <LANGU>E</LANGU>
     <DESCRIPT>Delivery</DESCRIPT>
    </SEOSUBCOTX>
    <SEOSUBCOTX>
     <CMPNAME>SEND_UD_EMAIL</CMPNAME>
     <SCONAME>IM_EKPO</SCONAME>
     <LANGU>E</LANGU>
     <DESCRIPT>Table type for structure ZTY_PO_REF</DESCRIPT>
    </SEOSUBCOTX>
    <SEOSUBCOTX>
     <CMPNAME>SEND_UD_EMAIL</CMPNAME>
     <SCONAME>INVOICE_ID</SCONAME>
     <LANGU>E</LANGU>
     <DESCRIPT>INVOICE_ID</DESCRIPT>
    </SEOSUBCOTX>
    <SEOSUBCOTX>
     <CMPNAME>SEND_UD_EMAIL</CMPNAME>
     <SCONAME>LV_SES</SCONAME>
     <LANGU>E</LANGU>
     <DESCRIPT>Service Entry Sheet</DESCRIPT>
    </SEOSUBCOTX>
    <SEOSUBCOTX>
     <CMPNAME>SEND_UD_EMAIL</CMPNAME>
     <SCONAME>MAT_TYPE</SCONAME>
     <LANGU>E</LANGU>
     <DESCRIPT>Material type</DESCRIPT>
    </SEOSUBCOTX>
    <SEOSUBCOTX>
     <CMPNAME>SEND_UD_EMAIL</CMPNAME>
     <SCONAME>USERID</SCONAME>
     <LANGU>E</LANGU>
     <DESCRIPT>User Name</DESCRIPT>
    </SEOSUBCOTX>
    <SEOSUBCOTX>
     <CMPNAME>SEND_UD_EMAIL</CMPNAME>
     <SCONAME>WI_ID</SCONAME>
     <LANGU>E</LANGU>
     <DESCRIPT>Work item ID</DESCRIPT>
    </SEOSUBCOTX>
    <SEOSUBCOTX>
     <CMPNAME>SEND_UD_EMAIL</CMPNAME>
     <SCONAME>WI_TASK_ID</SCONAME>
     <LANGU>E</LANGU>
     <DESCRIPT>Concatinated Identification (Type and ID) of Org. Objects</DESCRIPT>
    </SEOSUBCOTX>
   </DESCRIPTIONS_SUB>
  </asx:values>
 </asx:abap>
</abapGit>
