﻿<?xml version="1.0" encoding="utf-8"?>
<abapGit version="v1.0.0" serializer="LCL_OBJECT_DTEL" serializer_version="v1.0.0">
 <asx:abap xmlns:asx="http://www.sap.com/abapxml" version="1.0">
  <asx:values>
   <DD04V>
    <ROLLNAME>ZMM_DE_PUR_APPR</ROLLNAME>
    <DDLANGUAGE>E</DDLANGUAGE>
    <DOMNAME>CHAR3</DOMNAME>
    <HEADLEN>26</HEADLEN>
    <SCRLEN1>10</SCRLEN1>
    <SCRLEN2>19</SCRLEN2>
    <SCRLEN3>26</SCRLEN3>
    <DDTEXT>Purchase Strategy Approval</DDTEXT>
    <REPTEXT>Purchase Strategy Approval</REPTEXT>
    <SCRTEXT_S>Pur St App</SCRTEXT_S>
    <SCRTEXT_M>Pur Strategy Apprvl</SCRTEXT_M>
    <SCRTEXT_L>Purchase Strategy Approval</SCRTEXT_L>
    <DTELMASTER>E</DTELMASTER>
    <REFKIND>D</REFKIND>
   </DD04V>
  </asx:values>
 </asx:abap>
</abapGit>
