﻿<?xml version="1.0" encoding="utf-8"?>
<abapGit version="v1.0.0" serializer="LCL_OBJECT_DTEL" serializer_version="v1.0.0">
 <asx:abap xmlns:asx="http://www.sap.com/abapxml" version="1.0">
  <asx:values>
   <DD04V>
    <ROLLNAME>ZMM_DE_ARBACTRITM</ROLLNAME>
    <DDLANGUAGE>E</DDLANGUAGE>
    <DOMNAME>CHAR10</DOMNAME>
    <HEADLEN>19</HEADLEN>
    <SCRLEN1>08</SCRLEN1>
    <SCRLEN2>19</SCRLEN2>
    <SCRLEN3>19</SCRLEN3>
    <DDTEXT>Ariba Contract Item</DDTEXT>
    <REPTEXT>Ariba Contract Item</REPTEXT>
    <SCRTEXT_S>Ctr Item</SCRTEXT_S>
    <SCRTEXT_M>Ariba Contract Item</SCRTEXT_M>
    <SCRTEXT_L>Ariba Contract Item</SCRTEXT_L>
    <DTELMASTER>E</DTELMASTER>
    <REFKIND>D</REFKIND>
   </DD04V>
  </asx:values>
 </asx:abap>
</abapGit>
