﻿<?xml version="1.0" encoding="utf-8"?>
<abapGit version="v1.0.0" serializer="LCL_OBJECT_DTEL" serializer_version="v1.0.0">
 <asx:abap xmlns:asx="http://www.sap.com/abapxml" version="1.0">
  <asx:values>
   <DD04V>
    <ROLLNAME>ZMM_DE_GRADE</ROLLNAME>
    <DDLANGUAGE>E</DDLANGUAGE>
    <DOMNAME>CHAR01</DOMNAME>
    <HEADLEN>12</HEADLEN>
    <SCRLEN1>10</SCRLEN1>
    <SCRLEN2>12</SCRLEN2>
    <SCRLEN3>12</SCRLEN3>
    <DDTEXT>Vendor Grade</DDTEXT>
    <REPTEXT>Vendor Grade</REPTEXT>
    <SCRTEXT_S>Vend Grade</SCRTEXT_S>
    <SCRTEXT_M>Vendor Grade</SCRTEXT_M>
    <SCRTEXT_L>Vendor Grade</SCRTEXT_L>
    <DTELMASTER>E</DTELMASTER>
    <REFKIND>D</REFKIND>
   </DD04V>
  </asx:values>
 </asx:abap>
</abapGit>
