﻿<?xml version="1.0" encoding="utf-8"?>
<abapGit version="v1.0.0" serializer="LCL_OBJECT_DTEL" serializer_version="v1.0.0">
 <asx:abap xmlns:asx="http://www.sap.com/abapxml" version="1.0">
  <asx:values>
   <DD04V>
    <ROLLNAME>ZMM_DE_APIKEY</ROLLNAME>
    <DDLANGUAGE>E</DDLANGUAGE>
    <DOMNAME>ZAPIKEY</DOMNAME>
    <HEADLEN>15</HEADLEN>
    <SCRLEN1>08</SCRLEN1>
    <SCRLEN2>08</SCRLEN2>
    <SCRLEN3>15</SCRLEN3>
    <DDTEXT>Name of the Key</DDTEXT>
    <REPTEXT>Name of the Key</REPTEXT>
    <SCRTEXT_S>Key Name</SCRTEXT_S>
    <SCRTEXT_M>Key Name</SCRTEXT_M>
    <SCRTEXT_L>Name of the Key</SCRTEXT_L>
    <DTELMASTER>E</DTELMASTER>
    <REFKIND>D</REFKIND>
   </DD04V>
  </asx:values>
 </asx:abap>
</abapGit>
