﻿<?xml version="1.0" encoding="utf-8"?>
<abapGit version="v1.0.0" serializer="LCL_OBJECT_DTEL" serializer_version="v1.0.0">
 <asx:abap xmlns:asx="http://www.sap.com/abapxml" version="1.0">
  <asx:values>
   <DD04V>
    <ROLLNAME>ZMM_DE_CONSUMPTION_QTY</ROLLNAME>
    <DDLANGUAGE>E</DDLANGUAGE>
    <DOMNAME>MENG13</DOMNAME>
    <HEADLEN>20</HEADLEN>
    <SCRLEN1>09</SCRLEN1>
    <SCRLEN2>20</SCRLEN2>
    <SCRLEN3>20</SCRLEN3>
    <DDTEXT>Consumption Quantity</DDTEXT>
    <REPTEXT>Consumption Quantity</REPTEXT>
    <SCRTEXT_S>Cons. QTY</SCRTEXT_S>
    <SCRTEXT_M>Consumption Quantity</SCRTEXT_M>
    <SCRTEXT_L>Consumption Quantity</SCRTEXT_L>
    <DTELMASTER>E</DTELMASTER>
    <REFKIND>D</REFKIND>
   </DD04V>
  </asx:values>
 </asx:abap>
</abapGit>
