﻿<?xml version="1.0" encoding="utf-8"?>
<abapGit version="v1.0.0" serializer="LCL_OBJECT_DTEL" serializer_version="v1.0.0">
 <asx:abap xmlns:asx="http://www.sap.com/abapxml" version="1.0">
  <asx:values>
   <DD04V>
    <ROLLNAME>ZMM_DE_ARBACTR</ROLLNAME>
    <DDLANGUAGE>E</DDLANGUAGE>
    <DOMNAME>CHAR20</DOMNAME>
    <HEADLEN>17</HEADLEN>
    <SCRLEN1>09</SCRLEN1>
    <SCRLEN2>17</SCRLEN2>
    <SCRLEN3>17</SCRLEN3>
    <DDTEXT>Ariba Contract ID</DDTEXT>
    <REPTEXT>Ariba Contract ID</REPTEXT>
    <SCRTEXT_S>Ariba Ctr</SCRTEXT_S>
    <SCRTEXT_M>Ariba Contract ID</SCRTEXT_M>
    <SCRTEXT_L>Ariba Contract ID</SCRTEXT_L>
    <DTELMASTER>E</DTELMASTER>
    <REFKIND>D</REFKIND>
   </DD04V>
  </asx:values>
 </asx:abap>
</abapGit>
