﻿<?xml version="1.0" encoding="utf-8"?>
<abapGit version="v1.0.0" serializer="LCL_OBJECT_DTEL" serializer_version="v1.0.0">
 <asx:abap xmlns:asx="http://www.sap.com/abapxml" version="1.0">
  <asx:values>
   <DD04V>
    <ROLLNAME>ZMM_DE_PNP</ROLLNAME>
    <DDLANGUAGE>E</DDLANGUAGE>
    <DOMNAME>WERT11</DOMNAME>
    <HEADLEN>21</HEADLEN>
    <SCRLEN1>10</SCRLEN1>
    <SCRLEN2>20</SCRLEN2>
    <SCRLEN3>21</SCRLEN3>
    <DDTEXT>Pre-Negotiation Price</DDTEXT>
    <REPTEXT>Pre-Negotiation Price</REPTEXT>
    <SCRTEXT_S>Pre-Neg PR</SCRTEXT_S>
    <SCRTEXT_M>PreNegotiation Price</SCRTEXT_M>
    <SCRTEXT_L>Pre-Negotiation Price</SCRTEXT_L>
    <DTELMASTER>E</DTELMASTER>
    <REFKIND>D</REFKIND>
   </DD04V>
  </asx:values>
 </asx:abap>
</abapGit>
