﻿<?xml version="1.0" encoding="utf-8"?>
<abapGit version="v1.0.0" serializer="LCL_OBJECT_CLAS" serializer_version="v1.0.0">
 <asx:abap xmlns:asx="http://www.sap.com/abapxml" version="1.0">
  <asx:values>
   <VSEOCLASS>
    <CLSNAME>ZMMCO_CONTRACT_HEADER_EXPORT_P</CLSNAME>
    <LANGU>E</LANGU>
    <DESCRIPT>Proxy Class (generated)</DESCRIPT>
    <STATE>1</STATE>
    <CLSCCINCL>X</CLSCCINCL>
    <FIXPT>X</FIXPT>
    <UNICODE>X</UNICODE>
    <RSTAT>P</RSTAT>
    <CLSPROXY>X</CLSPROXY>
   </VSEOCLASS>
   <DESCRIPTIONS_SUB>
    <SEOSUBCOTX>
     <CMPNAME>CONTRACT_HEADER_EXPORT_OPERATI</CMPNAME>
     <SCONAME>CX_AI_SYSTEM_FAULT</SCONAME>
     <LANGU>E</LANGU>
     <DESCRIPT>Communication Error</DESCRIPT>
    </SEOSUBCOTX>
   </DESCRIPTIONS_SUB>
  </asx:values>
 </asx:abap>
</abapGit>
