﻿<?xml version="1.0" encoding="utf-8"?>
<abapGit version="v1.0.0" serializer="LCL_OBJECT_DOMA" serializer_version="v1.0.0">
 <asx:abap xmlns:asx="http://www.sap.com/abapxml" version="1.0">
  <asx:values>
   <DD01V>
    <DOMNAME>ZMMWEMPF</DOMNAME>
    <DDLANGUAGE>E</DDLANGUAGE>
    <DATATYPE>CHAR</DATATYPE>
    <LENG>000015</LENG>
    <OUTPUTLEN>000015</OUTPUTLEN>
    <LOWERCASE>X</LOWERCASE>
    <DDTEXT>Goods recipient</DDTEXT>
    <APPLCLASS>MB</APPLCLASS>
    <DOMMASTER>D</DOMMASTER>
   </DD01V>
   <I18N_LANGS>
    <LANGU>A</LANGU>
    <LANGU>D</LANGU>
    <LANGU>F</LANGU>
   </I18N_LANGS>
   <DD01_TEXTS>
    <item>
     <DDLANGUAGE>A</DDLANGUAGE>
     <DDTEXT>مستلم البضائع</DDTEXT>
    </item>
    <item>
     <DDLANGUAGE>D</DDLANGUAGE>
     <DDTEXT>Warenempfaenger</DDTEXT>
    </item>
    <item>
     <DDLANGUAGE>F</DDLANGUAGE>
     <DDTEXT>Réceptionnaire marchandises</DDTEXT>
    </item>
   </DD01_TEXTS>
  </asx:values>
 </asx:abap>
</abapGit>
