﻿<?xml version="1.0" encoding="utf-8"?>
<abapGit version="v1.0.0" serializer="LCL_OBJECT_DOCT" serializer_version="v1.0.0">
 <asx:abap xmlns:asx="http://www.sap.com/abapxml" version="1.0">
  <asx:values>
   <DOC>
    <item>
     <DOKIL>
      <ID>TX</ID>
      <OBJECT>ZMOD</OBJECT>
      <LANGU>E</LANGU>
      <TYP>E</TYP>
      <VERSION>0001</VERSION>
      <MASTERLANG>X</MASTERLANG>
      <TXTLINES>00004</TXTLINES>
      <DOKSTATE>R</DOKSTATE>
     </DOKIL>
     <HEAD>
      <TDOBJECT>DOKU</TDOBJECT>
      <TDNAME>ZMOD</TDNAME>
      <TDID>TX</TDID>
      <TDSPRAS>E</TDSPRAS>
      <TDFORM>S_DOCU_SHOW</TDFORM>
      <TDSTYLE>S_DOCUS1</TDSTYLE>
      <TDVERSION>00001</TDVERSION>
      <TDLINESIZE>072</TDLINESIZE>
     </HEAD>
     <LINES>
      <TLINE>
       <TDFORMAT>U1</TDFORMAT>
       <TDLINE>&amp;CAUSE&amp;</TDLINE>
      </TLINE>
      <TLINE>
       <TDFORMAT>*</TDFORMAT>
       <TDLINE>&quot;User is already assigned to another BP&quot;</TDLINE>
      </TLINE>
      <TLINE>
       <TDFORMAT>/</TDFORMAT>
      </TLINE>
      <TLINE>
       <TDFORMAT>U1</TDFORMAT>
       <TDLINE>&amp;SYSTEM_RESPONSE&amp;</TDLINE>
      </TLINE>
      <TLINE>
       <TDFORMAT>AS</TDFORMAT>
      </TLINE>
      <TLINE>
       <TDFORMAT>U1</TDFORMAT>
       <TDLINE>&amp;WHAT_TO_DO&amp;</TDLINE>
      </TLINE>
      <TLINE>
       <TDFORMAT>*</TDFORMAT>
       <TDLINE>Remove user assignment with report RSUID_REMOVE_FALSE_BP_ASGN. This is a</TDLINE>
      </TLINE>
      <TLINE>
       <TDLINE>critical process and once the connection between the User and Business</TDLINE>
      </TLINE>
      <TLINE>
       <TDLINE>partner is removed, the address data is lost.</TDLINE>
      </TLINE>
      <TLINE>
       <TDFORMAT>AS</TDFORMAT>
      </TLINE>
      <TLINE>
       <TDFORMAT>U1</TDFORMAT>
       <TDLINE>&amp;SYS_ADMIN&amp;</TDLINE>
      </TLINE>
      <TLINE>
       <TDFORMAT>AS</TDFORMAT>
      </TLINE>
     </LINES>
    </item>
   </DOC>
  </asx:values>
 </asx:abap>
</abapGit>
