﻿<?xml version="1.0" encoding="utf-8"?>
<abapGit version="v1.0.0" serializer="LCL_OBJECT_DTEL" serializer_version="v1.0.0">
 <asx:abap xmlns:asx="http://www.sap.com/abapxml" version="1.0">
  <asx:values>
   <DD04V>
    <ROLLNAME>ZNETPR</ROLLNAME>
    <DDLANGUAGE>E</DDLANGUAGE>
    <HEADLEN>14</HEADLEN>
    <SCRLEN1>10</SCRLEN1>
    <SCRLEN2>20</SCRLEN2>
    <SCRLEN3>40</SCRLEN3>
    <DDTEXT>currency for 3 decimal places</DDTEXT>
    <REPTEXT>Net Price</REPTEXT>
    <SCRTEXT_S>Net Price</SCRTEXT_S>
    <SCRTEXT_M>Net Price</SCRTEXT_M>
    <SCRTEXT_L>Net Order Price</SCRTEXT_L>
    <DTELMASTER>E</DTELMASTER>
    <DATATYPE>DEC</DATATYPE>
    <LENG>000011</LENG>
    <DECIMALS>000003</DECIMALS>
    <OUTPUTLEN>000014</OUTPUTLEN>
   </DD04V>
  </asx:values>
 </asx:abap>
</abapGit>
