﻿<?xml version="1.0" encoding="utf-8"?>
<abapGit version="v1.0.0" serializer="LCL_OBJECT_DTEL" serializer_version="v1.0.0">
 <asx:abap xmlns:asx="http://www.sap.com/abapxml" version="1.0">
  <asx:values>
   <DD04V>
    <ROLLNAME>ZNETWR</ROLLNAME>
    <DDLANGUAGE>E</DDLANGUAGE>
    <HEADLEN>09</HEADLEN>
    <SCRLEN1>09</SCRLEN1>
    <SCRLEN2>09</SCRLEN2>
    <SCRLEN3>15</SCRLEN3>
    <DDTEXT>Currency for 3 decimal palces</DDTEXT>
    <REPTEXT>Net Value</REPTEXT>
    <SCRTEXT_S>Net Value</SCRTEXT_S>
    <SCRTEXT_M>Net Value</SCRTEXT_M>
    <SCRTEXT_L>Net Order Value</SCRTEXT_L>
    <DTELMASTER>E</DTELMASTER>
    <DATATYPE>DEC</DATATYPE>
    <LENG>000013</LENG>
    <DECIMALS>000003</DECIMALS>
    <OUTPUTLEN>000017</OUTPUTLEN>
   </DD04V>
  </asx:values>
 </asx:abap>
</abapGit>
