﻿<?xml version="1.0" encoding="utf-8"?>
<abapGit version="v1.0.0" serializer="LCL_OBJECT_DTEL" serializer_version="v1.0.0">
 <asx:abap xmlns:asx="http://www.sap.com/abapxml" version="1.0">
  <asx:values>
   <DD04V>
    <ROLLNAME>ZPOFLAG</ROLLNAME>
    <DDLANGUAGE>E</DDLANGUAGE>
    <DOMNAME>CHAR1</DOMNAME>
    <HEADLEN>26</HEADLEN>
    <SCRLEN1>10</SCRLEN1>
    <SCRLEN2>20</SCRLEN2>
    <SCRLEN3>29</SCRLEN3>
    <DDTEXT>Ariba Release Strategy exucued status :  Yes(Y) or No(blank)</DDTEXT>
    <REPTEXT>Ariba Release Strategy Y/N</REPTEXT>
    <SCRTEXT_S>ARBRelStrg</SCRTEXT_S>
    <SCRTEXT_M>Ariba Rell.Strag Y/N</SCRTEXT_M>
    <SCRTEXT_L>Ariba Release Strategy Yes/No</SCRTEXT_L>
    <DTELMASTER>E</DTELMASTER>
    <REFKIND>D</REFKIND>
   </DD04V>
  </asx:values>
 </asx:abap>
</abapGit>
