﻿<?xml version="1.0" encoding="utf-8"?>
<abapGit version="v1.0.0" serializer="LCL_OBJECT_DTEL" serializer_version="v1.0.0">
 <asx:abap xmlns:asx="http://www.sap.com/abapxml" version="1.0">
  <asx:values>
   <DD04V>
    <ROLLNAME>ZPR_NUMKI</ROLLNAME>
    <DDLANGUAGE>E</DDLANGUAGE>
    <DOMNAME>CHAR2</DOMNAME>
    <HEADLEN>15</HEADLEN>
    <SCRLEN1>09</SCRLEN1>
    <SCRLEN2>15</SCRLEN2>
    <SCRLEN3>15</SCRLEN3>
    <DDTEXT>PR Number Range</DDTEXT>
    <REPTEXT>PR Number Range</REPTEXT>
    <SCRTEXT_S>PR NumRng</SCRTEXT_S>
    <SCRTEXT_M>PR Number Range</SCRTEXT_M>
    <SCRTEXT_L>PR Number Range</SCRTEXT_L>
    <DTELMASTER>E</DTELMASTER>
    <REFKIND>D</REFKIND>
   </DD04V>
  </asx:values>
 </asx:abap>
</abapGit>
