﻿<?xml version="1.0" encoding="utf-8"?>
<abapGit version="v1.0.0" serializer="LCL_OBJECT_DTEL" serializer_version="v1.0.0">
 <asx:abap xmlns:asx="http://www.sap.com/abapxml" version="1.0">
  <asx:values>
   <DD04V>
    <ROLLNAME>ZSTATUS_SECTION</ROLLNAME>
    <DDLANGUAGE>E</DDLANGUAGE>
    <DOMNAME>ZSTATUS_SECTION</DOMNAME>
    <HEADLEN>10</HEADLEN>
    <SCRLEN1>05</SCRLEN1>
    <SCRLEN2>06</SCRLEN2>
    <SCRLEN3>08</SCRLEN3>
    <DDTEXT>Status of Purchasing group/Section</DDTEXT>
    <REPTEXT>Status</REPTEXT>
    <SCRTEXT_S>Stat.</SCRTEXT_S>
    <SCRTEXT_M>Status</SCRTEXT_M>
    <SCRTEXT_L>Status</SCRTEXT_L>
    <DTELMASTER>E</DTELMASTER>
    <REFKIND>D</REFKIND>
   </DD04V>
  </asx:values>
 </asx:abap>
</abapGit>
