﻿<?xml version="1.0" encoding="utf-8"?>
<abapGit version="v1.0.0" serializer="LCL_OBJECT_DTEL" serializer_version="v1.0.0">
 <asx:abap xmlns:asx="http://www.sap.com/abapxml" version="1.0">
  <asx:values>
   <DD04V>
    <ROLLNAME>ZSUB_EMAI</ROLLNAME>
    <DDLANGUAGE>E</DDLANGUAGE>
    <DOMNAME>INFTY</DOMNAME>
    <HEADLEN>25</HEADLEN>
    <SCRLEN1>10</SCRLEN1>
    <SCRLEN2>10</SCRLEN2>
    <SCRLEN3>20</SCRLEN3>
    <DDTEXT>Subtype (email ID)</DDTEXT>
    <REPTEXT>Subtype (email ID)</REPTEXT>
    <SCRTEXT_S>Sub_email</SCRTEXT_S>
    <SCRTEXT_M>Sub_email</SCRTEXT_M>
    <SCRTEXT_L>Subtype (email ID)</SCRTEXT_L>
    <DTELMASTER>E</DTELMASTER>
    <REFKIND>D</REFKIND>
   </DD04V>
  </asx:values>
 </asx:abap>
</abapGit>
