﻿<?xml version="1.0" encoding="utf-8"?>
<abapGit version="v1.0.0" serializer="LCL_OBJECT_DTEL" serializer_version="v1.0.0">
 <asx:abap xmlns:asx="http://www.sap.com/abapxml" version="1.0">
  <asx:values>
   <DD04V>
    <ROLLNAME>ZSUP_NO</ROLLNAME>
    <DDLANGUAGE>E</DDLANGUAGE>
    <DOMNAME>PERSNO</DOMNAME>
    <HEADLEN>25</HEADLEN>
    <SCRLEN1>10</SCRLEN1>
    <SCRLEN2>15</SCRLEN2>
    <SCRLEN3>25</SCRLEN3>
    <DDTEXT>Supervisor Number</DDTEXT>
    <REPTEXT>Supervisor Number</REPTEXT>
    <SCRTEXT_S>Sup no</SCRTEXT_S>
    <SCRTEXT_M>Supervisor No</SCRTEXT_M>
    <SCRTEXT_L>Supervisor Number</SCRTEXT_L>
    <DTELMASTER>E</DTELMASTER>
    <REFKIND>D</REFKIND>
   </DD04V>
  </asx:values>
 </asx:abap>
</abapGit>
