﻿<?xml version="1.0" encoding="utf-8"?>
<abapGit version="v1.0.0" serializer="LCL_OBJECT_DTEL" serializer_version="v1.0.0">
 <asx:abap xmlns:asx="http://www.sap.com/abapxml" version="1.0">
  <asx:values>
   <DD04V>
    <ROLLNAME>ZTDOBNAME</ROLLNAME>
    <DDLANGUAGE>E</DDLANGUAGE>
    <DOMNAME>ZTDOBNAME</DOMNAME>
    <HEADLEN>16</HEADLEN>
    <SCRLEN1>09</SCRLEN1>
    <SCRLEN2>16</SCRLEN2>
    <SCRLEN3>16</SCRLEN3>
    <DDTEXT>Form Change Object Name</DDTEXT>
    <REPTEXT>Form Object Name</REPTEXT>
    <SCRTEXT_S>FObj Name</SCRTEXT_S>
    <SCRTEXT_M>Form Object Name</SCRTEXT_M>
    <SCRTEXT_L>Form Object Name</SCRTEXT_L>
    <DTELMASTER>E</DTELMASTER>
    <REFKIND>D</REFKIND>
   </DD04V>
  </asx:values>
 </asx:abap>
</abapGit>
