﻿<?xml version="1.0" encoding="utf-8"?>
<abapGit version="v1.0.0" serializer="LCL_OBJECT_DTEL" serializer_version="v1.0.0">
 <asx:abap xmlns:asx="http://www.sap.com/abapxml" version="1.0">
  <asx:values>
   <DD04V>
    <ROLLNAME>ZUSER_STATUS</ROLLNAME>
    <DDLANGUAGE>E</DDLANGUAGE>
    <DOMNAME>CHAR21</DOMNAME>
    <HEADLEN>18</HEADLEN>
    <SCRLEN1>10</SCRLEN1>
    <SCRLEN2>18</SCRLEN2>
    <SCRLEN3>18</SCRLEN3>
    <DDTEXT>User Status</DDTEXT>
    <REPTEXT>Ref Invoice Status</REPTEXT>
    <SCRTEXT_S>Inv status</SCRTEXT_S>
    <SCRTEXT_M>Ref Invoice Status</SCRTEXT_M>
    <SCRTEXT_L>Ref Invoice Status</SCRTEXT_L>
    <DTELMASTER>E</DTELMASTER>
    <REFKIND>D</REFKIND>
   </DD04V>
  </asx:values>
 </asx:abap>
</abapGit>
