﻿<?xml version="1.0" encoding="utf-8"?>
<abapGit version="v1.0.0" serializer="LCL_OBJECT_DTEL" serializer_version="v1.0.0">
 <asx:abap xmlns:asx="http://www.sap.com/abapxml" version="1.0">
  <asx:values>
   <DD04V>
    <ROLLNAME>ZZARB_NAME</ROLLNAME>
    <DDLANGUAGE>E</DDLANGUAGE>
    <HEADLEN>29</HEADLEN>
    <SCRLEN1>10</SCRLEN1>
    <SCRLEN2>20</SCRLEN2>
    <SCRLEN3>40</SCRLEN3>
    <DDTEXT>Saving Report Name</DDTEXT>
    <REPTEXT>Saving Report Name</REPTEXT>
    <SCRTEXT_S>SR Name</SCRTEXT_S>
    <SCRTEXT_M>Saving Report Name</SCRTEXT_M>
    <SCRTEXT_L>Saving Report Name</SCRTEXT_L>
    <DTELMASTER>E</DTELMASTER>
    <DATATYPE>CHAR</DATATYPE>
    <LENG>000050</LENG>
    <OUTPUTLEN>000050</OUTPUTLEN>
   </DD04V>
  </asx:values>
 </asx:abap>
</abapGit>
